Data Medicao;PRECIPITACAO TOTAL, DIARIO (AUT)(mm);TEMPERATURA MEDIA, DIARIA (AUT)(Â°C)
26/12/2013;null;null
27/12/2013;null;null
28/12/2013;null;null
29/12/2013;null;null
30/12/2013;null;null
31/12/2013;null;null
01/01/2014;null;null
02/01/2014;null;null
03/01/2014;null;null
04/01/2014;null;null
05/01/2014;null;null
06/01/2014;null;null
07/01/2014;null;null
08/01/2014;null;null
09/01/2014;null;null
10/01/2014;null;null
11/01/2014;null;null
12/01/2014;null;null
13/01/2014;null;null
14/01/2014;null;null
15/01/2014;null;null
16/01/2014;null;null
17/01/2014;null;null
18/01/2014;null;null
19/01/2014;null;null
20/01/2014;null;null
21/01/2014;null;null
22/01/2014;null;null
23/01/2014;null;21,6
24/01/2014;0,2;22,3
25/01/2014;0;22,4
26/01/2014;0;22,1
27/01/2014;0;22,2
28/01/2014;0;21,8
29/01/2014;0;21,5
30/01/2014;0;21,9
31/01/2014;0;21,9
01/02/2014;0;21,9
02/02/2014;0;22,7
03/02/2014;0;22,5
04/02/2014;0;23,6
05/02/2014;0;22,4
06/02/2014;0;null
07/02/2014;null;null
08/02/2014;null;null
09/02/2014;null;null
10/02/2014;null;null
11/02/2014;null;null
12/02/2014;null;null
13/02/2014;null;22,2
14/02/2014;0;22,6
15/02/2014;0;22,6
16/02/2014;0;21,1
17/02/2014;0;20,3
18/02/2014;4,8;18,8
19/02/2014;2;19,9
20/02/2014;0;20,9
21/02/2014;0;21,1
22/02/2014;0;20,5
23/02/2014;0;21,9
24/02/2014;0;21,9
25/02/2014;0;21,5
26/02/2014;0;22,2
27/02/2014;0;22,2
28/02/2014;0;22,1
01/03/2014;14,6;19,1
02/03/2014;11;19,8
03/03/2014;0,2;19,9
04/03/2014;0;20,4
05/03/2014;0;21
06/03/2014;0;20,3
07/03/2014;16;18,5
08/03/2014;4,6;18,4
09/03/2014;46,6;20
10/03/2014;3,4;20,5
11/03/2014;0;20,9
12/03/2014;0;21,3
13/03/2014;0;21,3
14/03/2014;0;21,1
15/03/2014;0;20,7
16/03/2014;0;20,6
17/03/2014;0;20,8
18/03/2014;0;21,2
19/03/2014;0;20,8
20/03/2014;0;21,8
21/03/2014;0;23,5
22/03/2014;12;21,7
23/03/2014;25,8;20,1
24/03/2014;3,4;16,8
25/03/2014;2,2;18,5
26/03/2014;0;19
27/03/2014;0;19,6
28/03/2014;0;20,4
29/03/2014;0;20,1
30/03/2014;0;19,9
31/03/2014;0;20,4
01/04/2014;0,4;20,6
02/04/2014;5,6;20,1
03/04/2014;36,8;20
04/04/2014;3,8;19,4
05/04/2014;0,6;19,5
06/04/2014;0;20,4
07/04/2014;0;21,2
08/04/2014;0;22,6
09/04/2014;0;23,2
10/04/2014;0;22,9
11/04/2014;1;21,2
12/04/2014;0;19,8
13/04/2014;0;21,3
14/04/2014;0;20,3
15/04/2014;0,2;19,2
16/04/2014;0;19,6
17/04/2014;0;20,1
18/04/2014;0;20,5
19/04/2014;0,6;21,6
20/04/2014;2,6;21,6
21/04/2014;2,2;21
22/04/2014;0;21
23/04/2014;0;20,2
24/04/2014;0;18,5
25/04/2014;13,4;17,5
26/04/2014;0;17,6
27/04/2014;0;16,7
28/04/2014;0;15,4
29/04/2014;0;14,7
30/04/2014;0;15,2
01/05/2014;0;16,9
02/05/2014;0;19,2
03/05/2014;0;17,7
04/05/2014;0;17,1
05/05/2014;0;18,8
06/05/2014;0;19,6
07/05/2014;0;19,9
08/05/2014;0;20
09/05/2014;17,2;20,4
10/05/2014;0;18,5
11/05/2014;0;15,3
12/05/2014;0;14,5
13/05/2014;0;16,2
14/05/2014;0;17,4
15/05/2014;0;18
16/05/2014;0;19,3
17/05/2014;0;18,6
18/05/2014;0;16,7
19/05/2014;0;19,1
20/05/2014;0;18,3
21/05/2014;0;17,6
22/05/2014;0;19,7
23/05/2014;0;22,3
24/05/2014;0;22,1
25/05/2014;0;19,3
26/05/2014;3,8;18,9
27/05/2014;7,8;20,4
28/05/2014;0;18
29/05/2014;0;15,6
30/05/2014;0;14,7
31/05/2014;0;15,3
01/06/2014;0;17,8
02/06/2014;4,4;17,2
03/06/2014;0,2;17,9
04/06/2014;0;17,6
05/06/2014;0,2;18,9
06/06/2014;0;20,5
07/06/2014;0;19,4
08/06/2014;0;18,3
09/06/2014;0;19,3
10/06/2014;0;17,8
11/06/2014;0;16,8
12/06/2014;0;16
13/06/2014;0,4;16,6
14/06/2014;0;16,9
15/06/2014;0;18,1
16/06/2014;0;17,6
17/06/2014;0;17,7
18/06/2014;0;17,4
19/06/2014;0;16,9
20/06/2014;0;15,4
21/06/2014;0;16,3
22/06/2014;0;16
23/06/2014;0;15,3
24/06/2014;0;15,9
25/06/2014;0;15,9
26/06/2014;0;16,8
27/06/2014;0;18,2
28/06/2014;0;18,3
29/06/2014;0;19,1
30/06/2014;0;18,8
01/07/2014;0;20
02/07/2014;0;20,5
03/07/2014;0;19,7
04/07/2014;0;18,8
05/07/2014;0;16,7
06/07/2014;0;16,3
07/07/2014;0;17,2
08/07/2014;0;17,2
09/07/2014;0;16,8
10/07/2014;0;17
11/07/2014;0;16,5
12/07/2014;0;15,4
13/07/2014;0;15
14/07/2014;0;14,1
15/07/2014;0;14
16/07/2014;0;15,5
17/07/2014;0;17
18/07/2014;0;18,7
19/07/2014;0;19,3
20/07/2014;0;16,7
21/07/2014;0;16,4
22/07/2014;0;15,4
23/07/2014;0;15,7
24/07/2014;0,2;16,7
25/07/2014;14,2;15
26/07/2014;2,6;14
27/07/2014;22;13,1
28/07/2014;10,2;14,8
29/07/2014;0,2;14,1
30/07/2014;0;13,3
31/07/2014;0;15,4
01/08/2014;0;16,7
02/08/2014;0;18,9
03/08/2014;0;21
04/08/2014;0;21,8
05/08/2014;0;21
06/08/2014;0;14,3
07/08/2014;0;14,7
08/08/2014;0;17,8
09/08/2014;0;16,4
10/08/2014;0;15,5
11/08/2014;0;17
12/08/2014;0;18,7
13/08/2014;0;20,9
14/08/2014;0;15,1
15/08/2014;0;15,2
16/08/2014;0;16,1
17/08/2014;0;15,3
18/08/2014;0;17
19/08/2014;0,2;18,2
20/08/2014;0;18
21/08/2014;0;17,4
22/08/2014;0;19,2
23/08/2014;0;19,7
24/08/2014;0;18,9
25/08/2014;0;19,9
26/08/2014;0;21,5
27/08/2014;0;22,6
28/08/2014;0;21,9
29/08/2014;0,6;18,5
30/08/2014;2,4;18,9
31/08/2014;0,4;20,1
01/09/2014;0;20,8
02/09/2014;0;23,4
03/09/2014;1,8;21,2
04/09/2014;0;19,9
05/09/2014;0;15,3
06/09/2014;0;13,8
07/09/2014;0;15,5
08/09/2014;0;15,8
09/09/2014;0;16,9
10/09/2014;0;18,1
11/09/2014;0;19,6
12/09/2014;0;19,5
13/09/2014;0;18,7
14/09/2014;0;18,5
15/09/2014;0;19,4
16/09/2014;0;22,7
17/09/2014;0;22,3
18/09/2014;0;20,5
19/09/2014;0;20,9
20/09/2014;0;22,5
21/09/2014;0;21,8
22/09/2014;0;19,7
23/09/2014;0;18,6
24/09/2014;0;18,6
25/09/2014;0;20,6
26/09/2014;0;20,7
27/09/2014;0;22,8
28/09/2014;0;22,7
29/09/2014;0;23,4
30/09/2014;0;24,2
01/10/2014;0;23,7
02/10/2014;0;21,8
03/10/2014;0;16,3
04/10/2014;0;13,7
05/10/2014;0;14,1
06/10/2014;0;14,7
07/10/2014;0;15,9
08/10/2014;0;17,4
09/10/2014;0;18
10/10/2014;0;20,4
11/10/2014;0;22,7
12/10/2014;0;24,5
13/10/2014;0;24,1
14/10/2014;0;25,7
15/10/2014;0;26,4
16/10/2014;0;22,1
17/10/2014;0;23,4
18/10/2014;0;25,5
19/10/2014;0;26,7
20/10/2014;9;22,2
21/10/2014;28,8;19,1
22/10/2014;0;17,8
23/10/2014;0;18,3
24/10/2014;0;20,4
25/10/2014;0;20,7
26/10/2014;6,2;15,8
27/10/2014;26,8;18,7
28/10/2014;1,6;16,8
29/10/2014;2,4;19
30/10/2014;0;18,3
31/10/2014;3,4;20,6
01/11/2014;0,2;21,3
02/11/2014;0;21,4
03/11/2014;0;20,8
04/11/2014;0;21,1
05/11/2014;0;22,8
06/11/2014;0;21,9
07/11/2014;1,6;21,6
08/11/2014;0;22,6
09/11/2014;0;22
10/11/2014;9,8;20,3
11/11/2014;1,4;20,8
12/11/2014;0;19,6
13/11/2014;3,6;18,9
14/11/2014;19,6;20,9
15/11/2014;30,4;16,3
16/11/2014;0;18,1
17/11/2014;0;19,3
18/11/2014;0;18,9
19/11/2014;0;19,6
20/11/2014;0;19,8
21/11/2014;0;21,8
22/11/2014;0;22,5
23/11/2014;28,6;19,6
24/11/2014;30,8;18,9
25/11/2014;7,8;20,3
26/11/2014;14,6;19,4
27/11/2014;3,4;20,3
28/11/2014;16,8;19,2
29/11/2014;25,4;18,7
30/11/2014;13,8;17,5
01/12/2014;9,2;17,5
02/12/2014;0,6;18,6
03/12/2014;0;21,2
04/12/2014;0;22
05/12/2014;0;18,5
06/12/2014;10,4;17,1
07/12/2014;1;18,9
08/12/2014;0;19,8
09/12/2014;0;20,8
10/12/2014;0;21,1
11/12/2014;0;21,3
12/12/2014;0;22,3
13/12/2014;14,6;20
14/12/2014;76,4;18,3
15/12/2014;18,2;20,4
16/12/2014;0,4;19,8
17/12/2014;2,4;20,9
18/12/2014;0,2;21,8
19/12/2014;0;22,4
20/12/2014;0,4;21,8
21/12/2014;0;21,3
22/12/2014;1,6;21,5
23/12/2014;0,2;21,3
24/12/2014;0,4;23
25/12/2014;0,2;23
26/12/2014;0;22,8
27/12/2014;0;22,9
28/12/2014;0;23,9
29/12/2014;0;25,6
30/12/2014;0;25,1
31/12/2014;0;24,4
01/01/2015;0;23,9
02/01/2015;6,4;24,5
03/01/2015;3,6;24,4
04/01/2015;0;22,7
05/01/2015;0;22,4
06/01/2015;0;22,2
07/01/2015;0;20,9
08/01/2015;0;21,5
09/01/2015;0;22
10/01/2015;0;23,4
11/01/2015;0;23,9
12/01/2015;0;24,5
13/01/2015;0;24,3
14/01/2015;0;23,9
15/01/2015;0;22,3
16/01/2015;0;23,4
17/01/2015;0;23,7
18/01/2015;0;23,9
19/01/2015;0;23,9
20/01/2015;0;24,1
21/01/2015;0;23,9
22/01/2015;4,8;24
23/01/2015;0;21,5
24/01/2015;2,4;18,8
25/01/2015;16;19,5
26/01/2015;11,8;21,8
27/01/2015;33;20,2
28/01/2015;2,2;20,9
29/01/2015;1,2;23,4
30/01/2015;49,6;23,4
31/01/2015;0,8;23,6
01/02/2015;0,2;22,7
02/02/2015;0;23
03/02/2015;0;20,9
04/02/2015;21;21,2
05/02/2015;10,4;18,6
06/02/2015;54,8;17,8
07/02/2015;6,2;17,8
08/02/2015;20,2;18
09/02/2015;45,2;18,9
10/02/2015;9,8;21,3
11/02/2015;0,2;21,4
12/02/2015;0;23,2
13/02/2015;0;24
14/02/2015;0;23,6
15/02/2015;0;22,8
16/02/2015;0,2;21,2
17/02/2015;20;20,7
18/02/2015;0,6;19,8
19/02/2015;21,2;19,9
20/02/2015;0,6;21,5
21/02/2015;0;21,7
22/02/2015;0;21,7
23/02/2015;0;22
24/02/2015;0;21,1
25/02/2015;0;20,9
26/02/2015;34,4;22,3
27/02/2015;0,2;20,5
28/02/2015;14,6;21,1
01/03/2015;8;20,1
02/03/2015;0,2;19,9
03/03/2015;0;20,2
04/03/2015;6,8;20,8
05/03/2015;3,6;20
06/03/2015;0;21,1
07/03/2015;1,4;22
08/03/2015;0;20,9
09/03/2015;0,4;20,8
10/03/2015;52,6;19,2
11/03/2015;12,8;21,2
12/03/2015;38,4;20
13/03/2015;0;21,7
14/03/2015;0;21,9
15/03/2015;0;21,2
16/03/2015;0;22
17/03/2015;0;22
18/03/2015;0;21
19/03/2015;0;20,8
20/03/2015;0;20,7
21/03/2015;9,4;18,9
22/03/2015;3,4;19,2
23/03/2015;15,6;19,2
24/03/2015;56,6;20,5
25/03/2015;3;20,5
26/03/2015;0;21,1
27/03/2015;0;22,5
28/03/2015;0;22,9
29/03/2015;0;22,7
30/03/2015;0;22,6
31/03/2015;5,4;21,5
01/04/2015;0;22,4
02/04/2015;23,2;19,4
03/04/2015;0;18,9
04/04/2015;0;19,6
05/04/2015;0;19,9
06/04/2015;0;20,6
07/04/2015;1,6;19,5
08/04/2015;0,2;15,3
09/04/2015;3,2;17
10/04/2015;0,4;18,4
11/04/2015;0;18,4
12/04/2015;0;19,1
13/04/2015;0;19,7
14/04/2015;0;19,4
15/04/2015;0;19,8
16/04/2015;0;19,8
17/04/2015;0;20,6
18/04/2015;0;21,1
19/04/2015;0;21,5
20/04/2015;0,8;21,8
21/04/2015;6,6;22,6
22/04/2015;2,6;20,6
23/04/2015;1,6;20
24/04/2015;0;20,9
25/04/2015;0;21,1
26/04/2015;0;18,4
27/04/2015;0;18
28/04/2015;0;18,9
29/04/2015;0;18,4
30/04/2015;2,4;17,6
01/05/2015;18,2;17,4
02/05/2015;0;17,7
03/05/2015;0;18,1
04/05/2015;0;19,1
05/05/2015;13,4;18,3
06/05/2015;1;17,8
07/05/2015;28;18,5
08/05/2015;0;16,5
09/05/2015;0;16,7
10/05/2015;0,2;17,4
11/05/2015;3,8;16,7
12/05/2015;0;17,8
13/05/2015;0;16,8
14/05/2015;0;16
15/05/2015;0;15,1
16/05/2015;0;15,6
17/05/2015;0;16,3
18/05/2015;0;16,1
19/05/2015;0,2;16,6
20/05/2015;0;15,9
21/05/2015;0;16,4
22/05/2015;0;16,5
23/05/2015;0;16
24/05/2015;0;17,8
25/05/2015;0;20,2
26/05/2015;0;19,7
27/05/2015;0;18,7
28/05/2015;0;19,8
29/05/2015;8;16,6
30/05/2015;0,2;19,3
31/05/2015;0;18,8
01/06/2015;0;19,5
02/06/2015;0;17,1
03/06/2015;3,2;15,7
04/06/2015;0,4;16,1
05/06/2015;0;16,7
06/06/2015;0;17,4
07/06/2015;0;17,8
08/06/2015;0;17,4
09/06/2015;0;17,6
10/06/2015;0;19,1
11/06/2015;0;20,3
12/06/2015;0;21
13/06/2015;0;19
14/06/2015;0;19,8
15/06/2015;0;20,9
16/06/2015;0;18,1
17/06/2015;0,2;17,8
18/06/2015;0;18,7
19/06/2015;0;18,6
20/06/2015;0;15,1
21/06/2015;0;14,4
22/06/2015;0,4;16,1
23/06/2015;0;16,9
24/06/2015;0;16,7
25/06/2015;0;13,9
26/06/2015;0;13,2
27/06/2015;0;13,1
28/06/2015;0,2;14
29/06/2015;0;14,6
30/06/2015;0;16,7
01/07/2015;0;17,3
02/07/2015;0;17
03/07/2015;0;16,4
04/07/2015;0;19,9
05/07/2015;0;18,8
06/07/2015;0;15,4
07/07/2015;0;15
08/07/2015;0;16,5
09/07/2015;0;18
10/07/2015;0;18,9
11/07/2015;0;18,8
12/07/2015;0;18,8
13/07/2015;0;18,5
14/07/2015;0;18,4
15/07/2015;0;17,5
16/07/2015;0;17,1
17/07/2015;0,2;15,8
18/07/2015;0;16,4
19/07/2015;0;16,9
20/07/2015;0;16,5
21/07/2015;0;18,1
22/07/2015;0;18,1
23/07/2015;0;16
24/07/2015;0;16,8
25/07/2015;0;18
26/07/2015;0;18,7
27/07/2015;6;17,6
28/07/2015;1,2;18,7
29/07/2015;0;19,1
30/07/2015;0;18,4
31/07/2015;0;17,7
01/08/2015;0;17,8
02/08/2015;0;17,1
03/08/2015;0;18,3
04/08/2015;0;19
05/08/2015;0;18,3
06/08/2015;0;19
07/08/2015;0;18,5
08/08/2015;0;18
09/08/2015;0;16
10/08/2015;0;16,9
11/08/2015;0;15,4
12/08/2015;0;15,6
13/08/2015;0;15,7
14/08/2015;0;16,2
15/08/2015;0;17
16/08/2015;0;17,6
17/08/2015;0;17,4
18/08/2015;0;17,9
19/08/2015;0;18,7
20/08/2015;0;21,1
21/08/2015;0;18
22/08/2015;0;18,1
23/08/2015;0;19,3
24/08/2015;0;20,2
25/08/2015;0;18,3
26/08/2015;0;20,5
27/08/2015;0;21,8
28/08/2015;0;18,8
29/08/2015;0;18,3
30/08/2015;0;19,5
31/08/2015;0;21,1
01/09/2015;0;23,1
02/09/2015;0;21,1
03/09/2015;0;21,6
04/09/2015;0;24
05/09/2015;0;20,6
06/09/2015;4;19,3
07/09/2015;2,4;20,9
08/09/2015;11,2;18,1
09/09/2015;14,2;16,5
10/09/2015;4,8;18,5
11/09/2015;0;18,9
12/09/2015;0;19,4
13/09/2015;6,8;17,7
14/09/2015;0,8;17,6
15/09/2015;0;19,9
16/09/2015;0;20,6
17/09/2015;0;22,1
18/09/2015;0;23,2
19/09/2015;0;23,5
20/09/2015;0;22,2
21/09/2015;0;21,9
22/09/2015;0;23,3
23/09/2015;0;24,6
24/09/2015;0;26
25/09/2015;0;27
26/09/2015;0;25,9
27/09/2015;0;23,6
28/09/2015;0;23,8
29/09/2015;0;22,4
30/09/2015;0;22,1
01/10/2015;0;23,4
02/10/2015;0;23,4
03/10/2015;10,8;23,7
04/10/2015;0;24,7
05/10/2015;0;22
06/10/2015;0;19,6
07/10/2015;0;20,7
08/10/2015;0;20,6
09/10/2015;0;22,2
10/10/2015;0;23,7
11/10/2015;0;24
12/10/2015;0;23,3
13/10/2015;0;23,4
14/10/2015;0;24,2
15/10/2015;0;25,5
16/10/2015;0;26,3
17/10/2015;0;27,6
18/10/2015;0;23,6
19/10/2015;0;21,5
20/10/2015;0;23,4
21/10/2015;0;25,1
22/10/2015;0;25,7
23/10/2015;29,8;21,7
24/10/2015;0;22,4
25/10/2015;0;22,4
26/10/2015;0;22,1
27/10/2015;0;20,7
28/10/2015;78,2;18,7
29/10/2015;5,8;20,8
30/10/2015;0;20,9
31/10/2015;0;22,2
01/11/2015;0;22,5
02/11/2015;0;23,6
03/11/2015;0;24,1
04/11/2015;0;25,5
05/11/2015;0;27,3
06/11/2015;0;25,8
07/11/2015;0;24,3
08/11/2015;0,4;21,1
09/11/2015;0;22,1
10/11/2015;0;24,3
11/11/2015;0;24,4
12/11/2015;0;23,9
13/11/2015;0;24,9
14/11/2015;42,4;22,2
15/11/2015;0;22,6
16/11/2015;7,4;20,3
17/11/2015;8;20
18/11/2015;83,4;20,6
19/11/2015;0,2;22,7
20/11/2015;48,4;20,3
21/11/2015;47,2;21,2
22/11/2015;0,2;21,6
23/11/2015;0;20,6
24/11/2015;22,4;19,2
25/11/2015;0;21,5
26/11/2015;0;22
27/11/2015;0;20,8
28/11/2015;0;21,8
29/11/2015;0;22,1
30/11/2015;19;22,8
01/12/2015;0,6;21,9
02/12/2015;0,2;22,1
03/12/2015;12,8;22,4
04/12/2015;11,8;22,6
05/12/2015;14,6;21,6
06/12/2015;1,4;21,8
07/12/2015;22,6;21,9
08/12/2015;14,8;21,5
09/12/2015;31;20,3
10/12/2015;0,4;22
11/12/2015;12,4;22,3
12/12/2015;1,8;22,7
13/12/2015;0,2;22,4
14/12/2015;1;22,1
15/12/2015;0;23
16/12/2015;0;23,8
17/12/2015;0;22,6
18/12/2015;1,8;20,7
19/12/2015;15,4;22,1
20/12/2015;2,2;21
21/12/2015;2,2;21,9
22/12/2015;0;22,3
23/12/2015;0;22,3
24/12/2015;0;22,3
25/12/2015;0;22,2
26/12/2015;0,4;21,1
27/12/2015;2,4;20,2
28/12/2015;0,6;21,3
29/12/2015;null;null
30/12/2015;0,4;20,9
31/12/2015;8,4;23,9
01/01/2016;0;24,5
02/01/2016;0;22,9
03/01/2016;1,4;20,8
04/01/2016;25,2;18,7
05/01/2016;17,8;19,5
06/01/2016;0;21,3
07/01/2016;0;22,3
08/01/2016;0;22,8
09/01/2016;0;22,3
10/01/2016;0;22,9
11/01/2016;3,8;23,5
12/01/2016;3,8;20,3
13/01/2016;18,6;19,3
14/01/2016;8,8;21
15/01/2016;14;19,6
16/01/2016;52,4;19,3
17/01/2016;108,4;18,3
18/01/2016;12,4;19
19/01/2016;20,6;19,6
20/01/2016;22,6;19,7
21/01/2016;0;19,5
22/01/2016;1,2;18,5
23/01/2016;0;20,4
24/01/2016;0;20,3
25/01/2016;5;21,3
26/01/2016;21,2;22,3
27/01/2016;0,2;22,8
28/01/2016;1,2;21,5
29/01/2016;11,6;20,4
30/01/2016;14,8;22
31/01/2016;0;22,4
01/02/2016;0;23
02/02/2016;0;23,9
03/02/2016;0;23,4
04/02/2016;0;22,6
05/02/2016;0;22,6
06/02/2016;0;23,3
07/02/2016;0;23,1
08/02/2016;0;22,8
09/02/2016;0;22,9
10/02/2016;0;24,7
11/02/2016;0;25,5
12/02/2016;0,6;20,9
13/02/2016;54,8;20,9
14/02/2016;0,2;22,5
15/02/2016;0;22,6
16/02/2016;12,6;23,2
17/02/2016;0,2;24,3
18/02/2016;14,8;22,3
19/02/2016;0;22,3
20/02/2016;0;23,5
21/02/2016;0;23,3
22/02/2016;0;22,5
23/02/2016;0;22,5
24/02/2016;0;22,5
25/02/2016;0;21,9
26/02/2016;49,4;21,3
27/02/2016;0,8;21,7
28/02/2016;52,8;21,9
29/02/2016;1,8;21,7
01/03/2016;0,8;21,3
02/03/2016;0;21,3
03/03/2016;0;21,2
04/03/2016;10,2;20,6
05/03/2016;30,2;19,8
06/03/2016;0;22,1
07/03/2016;0;21,3
08/03/2016;12,4;21,4
09/03/2016;0;21,7
10/03/2016;0;22,8
11/03/2016;0;22
12/03/2016;2;19,8
13/03/2016;11,8;20
14/03/2016;12,8;20,6
15/03/2016;4,6;20,7
16/03/2016;4,2;21
17/03/2016;0;20,3
18/03/2016;0;20,6
19/03/2016;2,2;21,7
20/03/2016;0;21,9
21/03/2016;0;21,4
22/03/2016;0;22,8
23/03/2016;0;22,4
24/03/2016;6;20,7
25/03/2016;3,2;22,1
26/03/2016;0;20,9
27/03/2016;9,6;21,8
28/03/2016;0;22,2
29/03/2016;0;22,2
30/03/2016;0;22,2
31/03/2016;0;21,5
01/04/2016;0;21,9
02/04/2016;0;21,7
03/04/2016;0;22,5
04/04/2016;0;23
05/04/2016;0;21,7
06/04/2016;0;21
07/04/2016;0;22,2
08/04/2016;0;23,1
09/04/2016;0;22,8
10/04/2016;0;22,9
11/04/2016;0;22,1
12/04/2016;0;21,7
13/04/2016;0;21,5
14/04/2016;0;21,1
15/04/2016;0;22,2
16/04/2016;0;21,6
17/04/2016;0;21,1
18/04/2016;0;21,2
19/04/2016;0;20,9
20/04/2016;0;20,9
21/04/2016;0;21,8
22/04/2016;0;21,8
23/04/2016;0;20,8
24/04/2016;0;20,1
25/04/2016;0;21,7
26/04/2016;0;22,3
27/04/2016;0;21
28/04/2016;0,6;19,4
29/04/2016;12,2;16,3
30/04/2016;12,4;16,9
01/05/2016;0;18,6
02/05/2016;0;16,3
03/05/2016;0;17,8
04/05/2016;0;19,3
05/05/2016;0;19,8
06/05/2016;0;18,9
07/05/2016;0;19,3
08/05/2016;0;20,5
09/05/2016;0;19,9
10/05/2016;0;21,2
11/05/2016;0;21,8
12/05/2016;0;21,5
13/05/2016;0;18,1
14/05/2016;0;16,5
15/05/2016;0;16,8
16/05/2016;0;19,3
17/05/2016;0;20,6
18/05/2016;0;22,1
19/05/2016;0;19,8
20/05/2016;0,2;18,9
21/05/2016;0;19,5
22/05/2016;0;20
23/05/2016;0;21
24/05/2016;0;16,6
25/05/2016;0;15,9
26/05/2016;0;17
27/05/2016;0;17,7
28/05/2016;0;16,5
29/05/2016;0;17,4
30/05/2016;0;20,2
31/05/2016;0;20,7
01/06/2016;0;20,4
02/06/2016;11,4;17,7
03/06/2016;32;16,7
04/06/2016;11,4;18,2
05/06/2016;0;22,4
06/06/2016;0;23,5
07/06/2016;0;20,9
08/06/2016;0,8;19,3
09/06/2016;0,4;17,7
10/06/2016;0,4;17,3
11/06/2016;1;16,9
12/06/2016;0;16,6
13/06/2016;0,2;13,2
14/06/2016;0;12,7
15/06/2016;0;15
16/06/2016;0;15,5
17/06/2016;0;15,6
18/06/2016;0;17
19/06/2016;0;17,1
20/06/2016;0;16,9
21/06/2016;0;16,4
22/06/2016;0;14,7
23/06/2016;0;17,5
24/06/2016;0;18
25/06/2016;0;16
26/06/2016;0;14,2
27/06/2016;0;14,1
28/06/2016;0;14,8
29/06/2016;0;16,2
30/06/2016;0,2;15,6
01/07/2016;0;16,2
02/07/2016;0;16,7
03/07/2016;0;17,1
04/07/2016;0;16,3
05/07/2016;0;17
06/07/2016;0;17,7
07/07/2016;0;20,1
08/07/2016;0;18,9
09/07/2016;0;16,8
10/07/2016;0,2;18
11/07/2016;0;20,4
12/07/2016;0;20,8
13/07/2016;0;20,3
14/07/2016;0;19,7
15/07/2016;0;21,2
16/07/2016;0;21,9
17/07/2016;0;19,6
18/07/2016;0;17,4
19/07/2016;0;16,9
20/07/2016;0;17,2
21/07/2016;0,2;17,2
22/07/2016;0;16,5
23/07/2016;0;16,3
24/07/2016;0;16,7
25/07/2016;0;18,2
26/07/2016;0;18,5
27/07/2016;0;20,5
28/07/2016;0;19,6
29/07/2016;0;16,8
30/07/2016;0;16,5
31/07/2016;0;15,6
01/08/2016;0;16,1
02/08/2016;0;17,9
03/08/2016;0;17,6
04/08/2016;0;16,6
05/08/2016;0;16,9
06/08/2016;0;18,2
07/08/2016;0;20,3
08/08/2016;0;21,6
09/08/2016;0;21,5
10/08/2016;0;22
11/08/2016;0;19,5
12/08/2016;0;16
13/08/2016;0;17,1
14/08/2016;0;19,5
15/08/2016;0;22,2
16/08/2016;0,4;18,5
17/08/2016;0;20,9
18/08/2016;0;24
19/08/2016;0;20,8
20/08/2016;0;20,5
21/08/2016;0;20,1
22/08/2016;0;16,2
23/08/2016;0;14,7
24/08/2016;0;16,5
25/08/2016;0;16,3
26/08/2016;0;16,7
27/08/2016;0;null
28/08/2016;null;null
29/08/2016;null;null
30/08/2016;null;null
31/08/2016;0;20
01/09/2016;31,8;18,4
02/09/2016;0;18,7
03/09/2016;0;18,3
04/09/2016;0;18,5
05/09/2016;0;18,9
06/09/2016;0;19,2
07/09/2016;0;21,3
08/09/2016;0;23,1
09/09/2016;0;21,1
10/09/2016;0;19,5
11/09/2016;0;20,1
12/09/2016;0;20,7
13/09/2016;0;21,3
14/09/2016;0;23,4
15/09/2016;0;25,1
16/09/2016;0;22,1
17/09/2016;0;20,2
18/09/2016;0;23,4
19/09/2016;0;23,8
20/09/2016;5,6;20,7
21/09/2016;0;17,3
22/09/2016;0;16,4
23/09/2016;0;19,7
24/09/2016;0;21,3
25/09/2016;5,4;18,8
26/09/2016;21,8;17
27/09/2016;0;18
28/09/2016;0;19,2
29/09/2016;0;22,1
30/09/2016;0;21,7
01/10/2016;0;18,4
02/10/2016;0;17,4
03/10/2016;0;17,3
04/10/2016;21,2;16
05/10/2016;4,4;17,8
06/10/2016;9,6;17,9
07/10/2016;4,2;19
08/10/2016;0;21,3
09/10/2016;0;22,2
10/10/2016;0;19,9
11/10/2016;0;19,7
12/10/2016;0;20,2
13/10/2016;0;19,6
14/10/2016;0;20,3
15/10/2016;0,6;21,4
16/10/2016;0,6;22
17/10/2016;6,4;22,9
18/10/2016;0;23,8
19/10/2016;0;25,2
20/10/2016;0;24,5
21/10/2016;4;24,8
22/10/2016;0;21,6
23/10/2016;0;20,5
24/10/2016;0,2;22
25/10/2016;0;21,9
26/10/2016;0;23
27/10/2016;0;24,1
28/10/2016;0;22,8
29/10/2016;0;18,2
30/10/2016;0;17,4
31/10/2016;0;19
01/11/2016;0;19,5
02/11/2016;0;18,9
03/11/2016;0;21,8
04/11/2016;3;19,6
05/11/2016;45;18
06/11/2016;0,6;17,9
07/11/2016;0;18,2
08/11/2016;3,4;18,5
09/11/2016;11,8;20,4
10/11/2016;15,6;20,1
11/11/2016;0;21,5
12/11/2016;14,4;20,4
13/11/2016;29,4;18
14/11/2016;18,2;17,6
15/11/2016;50,8;19
16/11/2016;22,4;20,2
17/11/2016;28,6;20,6
18/11/2016;11;21,2
19/11/2016;7,8;17,2
20/11/2016;0;17,4
21/11/2016;0;18,2
22/11/2016;0,2;19,6
23/11/2016;50,6;17,9
24/11/2016;11,4;20,8
25/11/2016;0,4;21,2
26/11/2016;0;21,4
27/11/2016;0;21,2
28/11/2016;0;22,7
29/11/2016;2,4;22,2
30/11/2016;53,6;19
01/12/2016;0,8;16
02/12/2016;0,6;18,6
03/12/2016;0,2;21,6
04/12/2016;0,6;19,3
05/12/2016;4;18,4
06/12/2016;0,2;22,9
07/12/2016;0;24,7
08/12/2016;0;22,2
09/12/2016;5,8;21,7
10/12/2016;0,4;20,6
11/12/2016;30,2;21,8
12/12/2016;0;21,6
13/12/2016;20,2;20,8
14/12/2016;87,2;19,2
15/12/2016;16,4;17,3
16/12/2016;20;14,9
17/12/2016;0,2;17,9
18/12/2016;0,2;18,9
19/12/2016;0,4;19,7
20/12/2016;0,4;20,1
21/12/2016;0;20,5
22/12/2016;0;22,5
23/12/2016;0;22,7
24/12/2016;0;24,2
25/12/2016;0;22,7
26/12/2016;4;22,7
27/12/2016;0;21,7
28/12/2016;8,2;22,5
29/12/2016;48,8;23,2
30/12/2016;0;24,1
31/12/2016;0;23,3
01/01/2017;0;23,6
02/01/2017;0;24,2
03/01/2017;10,6;23,9
04/01/2017;0;23,3
05/01/2017;0;22,8
06/01/2017;1,4;22,6
07/01/2017;3;23
08/01/2017;0;22,9
09/01/2017;0;23,5
10/01/2017;0;22,6
11/01/2017;5;22,2
12/01/2017;0;22,3
13/01/2017;23;20
14/01/2017;17,8;20,4
15/01/2017;40,8;19,4
16/01/2017;10,2;19,3
17/01/2017;0,4;20,5
18/01/2017;0;21,3
19/01/2017;0;22,1
20/01/2017;0;21,9
21/01/2017;0;21,4
22/01/2017;0;21,8
23/01/2017;0;21,4
24/01/2017;0;21,4
25/01/2017;1,4;22,7
26/01/2017;0,2;22,9
27/01/2017;0;22,8
28/01/2017;0;21,9
29/01/2017;0;21,9
30/01/2017;0;21,2
31/01/2017;0;21,7
01/02/2017;0;20,4
02/02/2017;0;20,3
03/02/2017;11,2;19,4
04/02/2017;9,8;20,6
05/02/2017;39,2;19,5
06/02/2017;63,2;20,2
07/02/2017;8;21,1
08/02/2017;1,6;21,3
09/02/2017;0,2;21,2
10/02/2017;0,2;19,9
11/02/2017;0;20,4
12/02/2017;0;20,4
13/02/2017;0;19,6
14/02/2017;0;20
15/02/2017;0;20,6
16/02/2017;0;20,9
17/02/2017;0;21,9
18/02/2017;0;22,9
19/02/2017;0;22,4
20/02/2017;0;22,4
21/02/2017;7,4;20,8
22/02/2017;0,2;20,2
23/02/2017;0;21,4
24/02/2017;0;22
25/02/2017;0;20,5
26/02/2017;22,8;18,7
27/02/2017;22,2;19,1
28/02/2017;0,4;19,6
01/03/2017;2,8;19,8
02/03/2017;0,2;22,5
03/03/2017;0;22,7
04/03/2017;0;22,8
05/03/2017;0;22,7
06/03/2017;0;24,5
07/03/2017;0;22,8
08/03/2017;0,4;21,3
09/03/2017;37,8;20,2
10/03/2017;0;21,3
11/03/2017;0;21,9
12/03/2017;0;21,3
13/03/2017;0;22,7
14/03/2017;0;21,8
15/03/2017;0;21,4
16/03/2017;0;21,2
17/03/2017;0;21,8
18/03/2017;0;22,6
19/03/2017;68,2;18,9
20/03/2017;0,2;18,9
21/03/2017;0;19,6
22/03/2017;0;19,9
23/03/2017;0;19,5
24/03/2017;0;20,4
25/03/2017;0;22
26/03/2017;0;22,6
27/03/2017;0;19,8
28/03/2017;38,6;17,6
29/03/2017;4,6;18,4
30/03/2017;0;19,1
31/03/2017;0;19,9
01/04/2017;0;18,5
02/04/2017;0;18,8
03/04/2017;0;19,6
04/04/2017;0;20,2
05/04/2017;0;20,3
06/04/2017;0;21,4
07/04/2017;0;21,6
08/04/2017;26,6;21,5
09/04/2017;0;20,7
10/04/2017;0;20,4
11/04/2017;0;21,5
12/04/2017;0;21,5
13/04/2017;0;19,9
14/04/2017;0;19,5
15/04/2017;0;19,7
16/04/2017;0,8;20,5
17/04/2017;0,2;22,6
18/04/2017;0;20
19/04/2017;0;17,7
20/04/2017;0;18,1
21/04/2017;0;18,7
22/04/2017;0;19,7
23/04/2017;2;19,2
24/04/2017;0;18,9
25/04/2017;0;19,2
26/04/2017;0;20,9
27/04/2017;13,4;21,4
28/04/2017;10,2;18,1
29/04/2017;34,8;17
30/04/2017;0;16,7
01/05/2017;0;16,9
02/05/2017;0;17,3
03/05/2017;0;17,3
04/05/2017;0;17,7
05/05/2017;0;18,8
06/05/2017;0;18,3
07/05/2017;0;18,5
08/05/2017;0;18,6
09/05/2017;0;20
10/05/2017;0;20,2
11/05/2017;0;18,8
12/05/2017;0;17
13/05/2017;0;18,1
14/05/2017;0;20,8
15/05/2017;0;19,4
16/05/2017;0;18,6
17/05/2017;0,6;16,4
18/05/2017;0;16,3
19/05/2017;0;15,6
20/05/2017;11;16,6
21/05/2017;0,8;17,7
22/05/2017;0;19,1
23/05/2017;2,4;18,8
24/05/2017;0,2;17,9
25/05/2017;0;18,2
26/05/2017;0,2;17,4
27/05/2017;0;17,6
28/05/2017;0;17,5
29/05/2017;0;17,4
30/05/2017;0;17,6
31/05/2017;0;18,1
01/06/2017;0;20,6
02/06/2017;0;21
03/06/2017;0;18,5
04/06/2017;0;19
05/06/2017;0;19,6
06/06/2017;0;20,4
07/06/2017;0;20,8
08/06/2017;0;20,5
09/06/2017;0;21,1
10/06/2017;0;20,1
11/06/2017;0;18,6
12/06/2017;10,8;17,8
13/06/2017;10,8;17,7
14/06/2017;0;17,6
15/06/2017;0;16,4
16/06/2017;0;15,9
17/06/2017;0;16,9
18/06/2017;0;17,2
19/06/2017;0;18,4
20/06/2017;0;18
21/06/2017;0;16,1
22/06/2017;0;15
23/06/2017;0;15,5
24/06/2017;0;15,7
25/06/2017;0;15
26/06/2017;0;14,6
27/06/2017;0;14,9
28/06/2017;0;16,2
29/06/2017;0;15,5
30/06/2017;0;16,3
01/07/2017;0;16,8
02/07/2017;0;15,1
03/07/2017;0;12
04/07/2017;0;10,8
05/07/2017;0;12,1
06/07/2017;0;12,5
07/07/2017;0;13,6
08/07/2017;0;13,5
09/07/2017;0;14,6
10/07/2017;0;15
11/07/2017;0;16,1
12/07/2017;0;16,1
13/07/2017;0;15,6
14/07/2017;0;14,6
15/07/2017;0;14,6
16/07/2017;0;15,7
17/07/2017;0;16,8
18/07/2017;0;16,8
19/07/2017;0;15,5
20/07/2017;0;15,2
21/07/2017;0;16,9
22/07/2017;0;18
23/07/2017;0;16,6
24/07/2017;0;15,9
25/07/2017;0;16,2
26/07/2017;0;15,9
27/07/2017;0;15,1
28/07/2017;0;15,4
29/07/2017;0;13,8
30/07/2017;0,2;14,6
31/07/2017;0;14,3
01/08/2017;0;13,8
02/08/2017;0;15,8
03/08/2017;0;18,9
04/08/2017;0;19,6
05/08/2017;0;16,1
06/08/2017;0;14,8
07/08/2017;0;15,7
08/08/2017;0;18,1
09/08/2017;0;20,8
10/08/2017;0;23,9
11/08/2017;0;18,3
12/08/2017;0,2;17,3
13/08/2017;0;18,3
14/08/2017;0;20,9
15/08/2017;0;19,6
16/08/2017;0;18
17/08/2017;0;19,6
18/08/2017;0;18,8
19/08/2017;0;19
20/08/2017;0;20,1
21/08/2017;0;18,9
22/08/2017;0;15,5
23/08/2017;0;15,4
24/08/2017;0;15,7
25/08/2017;0;15
26/08/2017;0;16,3
27/08/2017;0;17,8
28/08/2017;0;19,2
29/08/2017;0;19,3
30/08/2017;0;20
31/08/2017;0;22,8
01/09/2017;0;17
02/09/2017;0;15,8
03/09/2017;0;14,4
04/09/2017;0;15
05/09/2017;0;17
06/09/2017;0;19
07/09/2017;0;19,7
08/09/2017;0;17,8
09/09/2017;0;17,7
10/09/2017;0;18,6
11/09/2017;0;19,3
12/09/2017;0;18,6
13/09/2017;0;18,5
14/09/2017;0;19,2
15/09/2017;0;20,4
16/09/2017;0;19,3
17/09/2017;0;18,7
18/09/2017;0;18,1
19/09/2017;0;18,4
20/09/2017;0;18
21/09/2017;0;18,3
22/09/2017;0;17,7
23/09/2017;0;18,3
24/09/2017;0;19,2
25/09/2017;0;17,9
26/09/2017;0;17,8
27/09/2017;0;18,7
28/09/2017;0;21,3
29/09/2017;29,8;21,2
30/09/2017;5,8;16,7
01/10/2017;26,8;19,3
02/10/2017;0,2;20,2
03/10/2017;29;18
04/10/2017;0;18,3
05/10/2017;0;18,7
06/10/2017;0;21
07/10/2017;0;21,1
08/10/2017;0;20,2
09/10/2017;0;20,6
10/10/2017;0;22,7
11/10/2017;0;23
12/10/2017;0;23,7
13/10/2017;0;22,6
14/10/2017;0;24,2
15/10/2017;0;23,8
16/10/2017;19;19,9
17/10/2017;0;20,4
18/10/2017;0;19,9
19/10/2017;0;20,7
20/10/2017;0;23,3
21/10/2017;0;24,9
22/10/2017;4;23,6
23/10/2017;0,2;20
24/10/2017;32,4;19,3
25/10/2017;0;20,3
26/10/2017;0;21,6
27/10/2017;0;22,5
28/10/2017;43,4;19,6
29/10/2017;0;22
30/10/2017;0,4;19,7
31/10/2017;14,8;21
01/11/2017;0;16,7
02/11/2017;1;17,5
03/11/2017;0;18,7
04/11/2017;0;20,2
05/11/2017;0;21,5
06/11/2017;0;19,9
07/11/2017;0,2;17,7
08/11/2017;0;17,5
09/11/2017;2;16,8
10/11/2017;0;17,8
11/11/2017;19;18,1
12/11/2017;32,6;20,2
13/11/2017;0;23,3
14/11/2017;0;21,3
15/11/2017;0;20,8
16/11/2017;0;21,2
17/11/2017;0;22,3
18/11/2017;0;22
19/11/2017;28,8;20,2
20/11/2017;16;20,9
21/11/2017;4,6;19
22/11/2017;25,6;18,8
23/11/2017;16,4;18,6
24/11/2017;5,2;18,1
25/11/2017;0,2;19,6
26/11/2017;0;19,6
27/11/2017;0,8;21,3
28/11/2017;0,2;20,8
29/11/2017;4;20,4
30/11/2017;0,6;19,1
01/12/2017;22,6;17,4
02/12/2017;24,6;18,2
03/12/2017;51,2;19,2
04/12/2017;61;20,4
05/12/2017;12,8;21,7
06/12/2017;0;20,5
07/12/2017;0,2;18,6
08/12/2017;18;18,9
09/12/2017;32;22,4
10/12/2017;0,2;22,8
11/12/2017;0;19,9
12/12/2017;14,2;20,3
13/12/2017;0;18,7
14/12/2017;0,6;18,6
15/12/2017;0;19,4
16/12/2017;1,6;19,5
17/12/2017;6,6;20,9
18/12/2017;0,2;21,8
19/12/2017;0;21,8
20/12/2017;0;22
21/12/2017;0;21,8
22/12/2017;0;21,3
23/12/2017;0;22,8
24/12/2017;0;23,9
25/12/2017;0;24,2
26/12/2017;0;23,6
27/12/2017;0;23
28/12/2017;0;23,3
29/12/2017;0;22,3
30/12/2017;0;19,9
31/12/2017;50,8;20,3
01/01/2018;1,4;22,1
02/01/2018;7,6;21,9
03/01/2018;7,4;21,4
04/01/2018;18,4;18,8
05/01/2018;16,8;19,3
06/01/2018;6;20,3
07/01/2018;6,4;21,3
08/01/2018;0;21,7
09/01/2018;0;21,2
10/01/2018;0;22
11/01/2018;0;20,8
12/01/2018;0;21,3
13/01/2018;0;22
14/01/2018;2,4;20,2
15/01/2018;7,8;21,2
16/01/2018;3,8;22,5
17/01/2018;0;22,8
18/01/2018;0;23,1
19/01/2018;0;23,7
20/01/2018;0;24,6
21/01/2018;0;24,5
22/01/2018;0;22,3
23/01/2018;19,6;21,4
24/01/2018;0;22,1
25/01/2018;2,2;22,2
26/01/2018;0;22,3
27/01/2018;0;22,4
28/01/2018;0;23
29/01/2018;0;22,7
30/01/2018;13,8;20,6
31/01/2018;42,6;19,8
01/02/2018;9,2;18,5
02/02/2018;24;18,3
03/02/2018;27;18,7
04/02/2018;19,6;17,3
05/02/2018;40,8;16,7
06/02/2018;65,2;18,7
07/02/2018;23,4;19,9
08/02/2018;0,2;22,1
09/02/2018;0;21,8
10/02/2018;0;21,2
11/02/2018;5;22,2
12/02/2018;0,2;22
13/02/2018;0;22,9
14/02/2018;0;22,4
15/02/2018;0;21,3
16/02/2018;6;20
17/02/2018;1;20,3
18/02/2018;0;21,5
19/02/2018;0;20,6
20/02/2018;24,6;20,4
21/02/2018;33;20,1
22/02/2018;16,6;19
23/02/2018;3,8;20
24/02/2018;0;20,5
25/02/2018;21,8;20,3
26/02/2018;0,2;20,2
27/02/2018;2,6;21,6
28/02/2018;0,2;21,7
01/03/2018;11;22,4
02/03/2018;38,2;21
03/03/2018;3,6;22,1
04/03/2018;0,2;21,8
05/03/2018;11,8;22,1
06/03/2018;0;23,6
07/03/2018;16;22,1
08/03/2018;43,6;21,9
09/03/2018;68,2;19,4
10/03/2018;16,6;20,6
11/03/2018;11;19,9
12/03/2018;14,4;22,5
13/03/2018;0;24,7
14/03/2018;43;23,1
15/03/2018;0;24,3
16/03/2018;0;22,6
17/03/2018;35;20,7
18/03/2018;16,2;21,2
19/03/2018;0,4;22,3
20/03/2018;5;21,4
21/03/2018;0;20,9
22/03/2018;7,8;20,7
23/03/2018;3,4;20,4
24/03/2018;1;19,9
25/03/2018;0;20,1
26/03/2018;0;20,3
27/03/2018;0;20,3
28/03/2018;0;20,3
29/03/2018;0;19,9
30/03/2018;1,6;19,9
31/03/2018;0;20,2
01/04/2018;0;20,8
02/04/2018;0;21
03/04/2018;0;22,5
04/04/2018;3;21,6
05/04/2018;0,2;20,9
06/04/2018;7,2;19,5
07/04/2018;0;20,7
08/04/2018;0,4;20
09/04/2018;0,2;19,9
10/04/2018;0;19,5
11/04/2018;0;19,1
12/04/2018;0;18,1
13/04/2018;0;19,4
14/04/2018;0;20,6
15/04/2018;0;19,8
16/04/2018;0;17,7
17/04/2018;0;17,4
18/04/2018;0;17,1
19/04/2018;0;17,2
20/04/2018;0;18,8
21/04/2018;0;17,6
22/04/2018;0;17,3
23/04/2018;0;17,2
24/04/2018;0;18
25/04/2018;0;18,7
26/04/2018;0;19,7
27/04/2018;0;19,6
28/04/2018;0;19,2
29/04/2018;0;18,4
30/04/2018;0;18,7
01/05/2018;0;19,5
02/05/2018;0;19,6
03/05/2018;0;19,9
04/05/2018;0;19,8
05/05/2018;0;19,7
06/05/2018;0;19,2
07/05/2018;0,4;18
08/05/2018;0;18,4
09/05/2018;0;17,4
10/05/2018;0;16,8
11/05/2018;0;19
12/05/2018;0;20,2
13/05/2018;0;20,6
14/05/2018;0;19,1
15/05/2018;0;18,2
16/05/2018;0;19,3
17/05/2018;0,2;19,3
18/05/2018;0,2;18,9
19/05/2018;0;18,1
20/05/2018;17;14,4
21/05/2018;0;15,5
22/05/2018;0;17,1
23/05/2018;0;18
24/05/2018;0,2;16,5
25/05/2018;0;16,2
26/05/2018;0;15,7
27/05/2018;0,2;16,2
28/05/2018;0,2;15,9
29/05/2018;0;15,4
30/05/2018;0;15,6
31/05/2018;0;15,8
01/06/2018;0;17,6
02/06/2018;0;18,8
03/06/2018;0;20,6
04/06/2018;0;17,2
05/06/2018;0;16,7
06/06/2018;0;18,4
07/06/2018;0;20,4
08/06/2018;0,4;19,7
09/06/2018;0;18,2
10/06/2018;0;17,6
11/06/2018;0,2;17,9
12/06/2018;0;19,7
13/06/2018;0;20,9
14/06/2018;0;20,8
15/06/2018;0;18
16/06/2018;0;17,4
17/06/2018;0;16,5
18/06/2018;0;16,6
19/06/2018;0;14,9
20/06/2018;0;15,9
21/06/2018;0;17
22/06/2018;0;18,9
23/06/2018;0;18,7
24/06/2018;0;17,8
25/06/2018;0;17,9
26/06/2018;0;18,4
27/06/2018;0;18,5
28/06/2018;0;16,9
29/06/2018;0;16,3
30/06/2018;0;17,3
01/07/2018;0;17,7
02/07/2018;0;18,6
03/07/2018;0;19,8
04/07/2018;0;18,6
05/07/2018;0;17,6
06/07/2018;0;17,6
07/07/2018;0;17,5
08/07/2018;0;19,1
09/07/2018;0;20,7
10/07/2018;0;20,6
11/07/2018;0,4;16,1
12/07/2018;3,2;15,9
13/07/2018;0;16,7
14/07/2018;0;17,3
15/07/2018;0;17,2
16/07/2018;0;17,7
17/07/2018;0;17,3
18/07/2018;0;16,8
19/07/2018;0;17,3
20/07/2018;0;17,5
21/07/2018;0;18,8
22/07/2018;0;17,1
23/07/2018;0;16,4
24/07/2018;0;16,5
25/07/2018;0;16,1
26/07/2018;0;15,9
27/07/2018;0;16,8
28/07/2018;0;17,5
29/07/2018;0;17,7
30/07/2018;0;18,6
31/07/2018;0;19,5
01/08/2018;0,2;17,6
02/08/2018;0;16,7
03/08/2018;6,8;16,6
04/08/2018;24,4;16,2
05/08/2018;1,4;19,6
06/08/2018;0;18,9
07/08/2018;12,4;17,5
08/08/2018;0;19
09/08/2018;0,2;18,2
10/08/2018;0;19,7
11/08/2018;0;20,1
12/08/2018;0;19,2
13/08/2018;0;17,3
14/08/2018;0;17,7
15/08/2018;0;19,3
16/08/2018;0;17
17/08/2018;0;15,6
18/08/2018;4;15,5
19/08/2018;0;16,6
20/08/2018;0;17,9
21/08/2018;0;17,6
22/08/2018;0;17,7
23/08/2018;0;18,2
24/08/2018;0;19,3
25/08/2018;0;18,6
26/08/2018;0;19,7
27/08/2018;null;null
28/08/2018;0;15,6
29/08/2018;0;16,6
30/08/2018;0,2;16,9
31/08/2018;0;18,4
01/09/2018;0;20,2
02/09/2018;0;20,4
03/09/2018;0;21,7
04/09/2018;2,8;19,1
05/09/2018;0;16,9
06/09/2018;0;17,1
07/09/2018;0;18,4
08/09/2018;0;17,9
09/09/2018;0;18,4
10/09/2018;0;19,2
11/09/2018;0;20
12/09/2018;0;18,1
13/09/2018;0;17,3
14/09/2018;0;17,9
15/09/2018;19,6;16,4
16/09/2018;7,2;18,9
17/09/2018;5,4;18,3
18/09/2018;11,2;18,9
19/09/2018;0,8;21,1
20/09/2018;0;19,5
21/09/2018;8,2;19,3
22/09/2018;0,2;22
23/09/2018;0;21,5
24/09/2018;0;22,8
25/09/2018;0;22,5
26/09/2018;0;21
27/09/2018;0;22
28/09/2018;0;22,3
29/09/2018;0,4;20,7
30/09/2018;3,6;19,8
01/10/2018;0;20,7
02/10/2018;5,2;20,7
03/10/2018;0;23,4
04/10/2018;0;23,7
05/10/2018;0;22,1
06/10/2018;0;19,6
07/10/2018;0;17,7
08/10/2018;1,8;20,7
09/10/2018;0;21,1
10/10/2018;0;22,8
11/10/2018;0;23,3
12/10/2018;0,6;20,9
13/10/2018;0;23,5
14/10/2018;10,4;23,6
15/10/2018;11,6;20,8
16/10/2018;15,6;21,2
17/10/2018;0;21
18/10/2018;10,8;20,2
19/10/2018;15,2;21,3
20/10/2018;7;19,2
21/10/2018;0,2;16,7
22/10/2018;0;18,2
23/10/2018;0,2;20,3
24/10/2018;0;21,2
25/10/2018;26,6;19
26/10/2018;24,4;20,8
27/10/2018;1;20
28/10/2018;6,4;21,2
29/10/2018;0;18
30/10/2018;0;19,8
31/10/2018;0;20,6
01/11/2018;0;21,1
02/11/2018;36,6;21,8
03/11/2018;0;22,4
04/11/2018;0;20,9
05/11/2018;1,6;18,2
06/11/2018;1,8;18,2
07/11/2018;0;19,8
08/11/2018;9,8;16,6
09/11/2018;29,6;14,6
10/11/2018;16;16,9
11/11/2018;0,4;18,8
12/11/2018;0;20,6
13/11/2018;0;21,5
14/11/2018;0;22,4
15/11/2018;0;21,3
16/11/2018;30;19,9
17/11/2018;3,2;20,3
18/11/2018;0;20,8
19/11/2018;8,8;19,8
20/11/2018;29,4;17,7
21/11/2018;46,6;16,1
22/11/2018;46;17,9
23/11/2018;0,2;19,3
24/11/2018;1,8;18,8
25/11/2018;27,6;17,7
26/11/2018;2,6;19,6
27/11/2018;0;19,4
28/11/2018;0;20,2
29/11/2018;0;20,8
30/11/2018;0;22,6
01/12/2018;28,8;18,8
02/12/2018;19,2;19,6
03/12/2018;15;17,9
04/12/2018;1,4;20
05/12/2018;0;22,1
06/12/2018;4,4;21,7
07/12/2018;45,8;21
08/12/2018;15,6;19,4
09/12/2018;0;16,6
10/12/2018;0;18,6
11/12/2018;0;19,7
12/12/2018;0;21,7
13/12/2018;0;21,9
14/12/2018;0;23,2
15/12/2018;0;24
16/12/2018;0;23,4
17/12/2018;0;22,7
18/12/2018;0;23,8
19/12/2018;0,8;24,3
20/12/2018;5,4;23,9
21/12/2018;0;24,1
22/12/2018;0;22,7
23/12/2018;30;22,9
24/12/2018;0,6;22,2
25/12/2018;24,6;20,8
26/12/2018;0,2;20,2
27/12/2018;10,2;18,7
28/12/2018;20,2;18,9
29/12/2018;30,6;19
30/12/2018;23;20,3
31/12/2018;7,2;19,4
01/01/2019;35;19,9
02/01/2019;2;22,4
03/01/2019;2,6;22,7
04/01/2019;18,4;20,4
05/01/2019;0,2;22,2
06/01/2019;0;23,6
07/01/2019;0;23,5
08/01/2019;0;22,5
09/01/2019;0;21,4
10/01/2019;0;21,6
11/01/2019;0;22,2
12/01/2019;0;23,1
13/01/2019;0;22,5
14/01/2019;0;22,8
15/01/2019;0;23,6
16/01/2019;0;23,8
17/01/2019;0;22,6
18/01/2019;2,8;23,8
19/01/2019;0;24
20/01/2019;0;23,3
21/01/2019;0;23,4
22/01/2019;0;24
23/01/2019;0;23,6
24/01/2019;0;23,6
25/01/2019;0;22,3
26/01/2019;0;20,3
27/01/2019;0;21,7
28/01/2019;0;23,2
29/01/2019;0;24
30/01/2019;0,4;24,3
31/01/2019;0;24
01/02/2019;0;24,6
02/02/2019;0;25
03/02/2019;0;25,5
04/02/2019;0,6;22,1
05/02/2019;0,8;22,1
06/02/2019;0;19,3
07/02/2019;25,2;18,6
08/02/2019;10,2;21,7
09/02/2019;0;21,6
10/02/2019;0;22,9
11/02/2019;0;22,7
12/02/2019;0;23,3
13/02/2019;0;21,1
14/02/2019;72,4;19,9
15/02/2019;0,2;19,2
16/02/2019;16,4;19,7
17/02/2019;38,8;19,4
18/02/2019;26,8;19,8
19/02/2019;17,2;21
20/02/2019;0;22,5
21/02/2019;11,2;19,7
22/02/2019;3,2;23,3
23/02/2019;0;24,5
24/02/2019;0;25,2
25/02/2019;0;25,6
26/02/2019;0;24,1
27/02/2019;14,6;22,2
28/02/2019;2,8;20,8
01/03/2019;5,2;21
02/03/2019;35;19,3
03/03/2019;17,6;21,6
04/03/2019;0;21,4
05/03/2019;0;21,4
06/03/2019;0;21,2
07/03/2019;0;22,6
08/03/2019;0;23,2
09/03/2019;0;24,3
10/03/2019;0;23,6
11/03/2019;0,2;21,5
12/03/2019;0;21,9
13/03/2019;0;22
14/03/2019;0,2;23,4
15/03/2019;0;23,3
16/03/2019;0;21,6
17/03/2019;15,4;20,6
18/03/2019;0,4;22,9
19/03/2019;7;23,4
20/03/2019;0,4;22,2
21/03/2019;22,8;20,4
22/03/2019;35,6;17
23/03/2019;2,6;18,8
24/03/2019;0;20,1
25/03/2019;0,2;21,3
26/03/2019;0;21,9
27/03/2019;0;21,5
28/03/2019;0;20,6
29/03/2019;0;19,5
30/03/2019;0;19,6
31/03/2019;0;19,9
01/04/2019;0;19,9
02/04/2019;0,4;20,7
03/04/2019;0;21,1
04/04/2019;0;22,7
05/04/2019;0;22,6
06/04/2019;23,6;21,6
07/04/2019;0;22,4
08/04/2019;0;22,3
09/04/2019;8;20,8
10/04/2019;0;20,5
11/04/2019;0;20,8
12/04/2019;0;21
13/04/2019;0;21,4
14/04/2019;0;21,1
15/04/2019;0;20,4
16/04/2019;42,2;19,6
17/04/2019;29,6;19,6
18/04/2019;3,8;21,1
19/04/2019;0;21,9
20/04/2019;0;22,2
21/04/2019;0;22
22/04/2019;0;21,3
23/04/2019;0;21,4
24/04/2019;0;20,4
25/04/2019;0;19,8
26/04/2019;0;20,4
27/04/2019;0;21
28/04/2019;0;22
29/04/2019;1,8;21,6
30/04/2019;0;20,5
01/05/2019;0;21,1
02/05/2019;0;20
03/05/2019;52,8;20,4
04/05/2019;0,4;21
05/05/2019;0;20
06/05/2019;0;20,5
07/05/2019;0;22,2
08/05/2019;0;19,6
09/05/2019;2;17,6
10/05/2019;0,4;18,3
11/05/2019;0;18,8
12/05/2019;0;20,6
13/05/2019;0;21
14/05/2019;0;21,4
15/05/2019;0;19,2
16/05/2019;8,6;17,4
17/05/2019;0,8;16,1
18/05/2019;1,2;17,7
19/05/2019;0,2;18,3
20/05/2019;0,2;19,5
21/05/2019;0;20,7
22/05/2019;0;21,5
23/05/2019;0;20,8
24/05/2019;0;21,6
25/05/2019;0;19,8
26/05/2019;0;19,8
27/05/2019;0;19,6
28/05/2019;0,2;20,4
29/05/2019;0;21,4
30/05/2019;0;20,1
31/05/2019;0;20,7
01/06/2019;0;22,3
02/06/2019;0;22,4
03/06/2019;0;20,3
04/06/2019;12,4;17,1
05/06/2019;0;13,7
06/06/2019;0;14,1
07/06/2019;0;15,1
08/06/2019;0;15,5
09/06/2019;0,2;15,1
10/06/2019;0;15,8
11/06/2019;0,2;16,6
12/06/2019;0;17,3
13/06/2019;0;18
14/06/2019;0;18,5
15/06/2019;0;18
16/06/2019;0;17,2
17/06/2019;0;16,9
18/06/2019;0;17,3
19/06/2019;0;18,9
20/06/2019;0;18,4
21/06/2019;0;16,5
22/06/2019;0,2;16,1
23/06/2019;0;16,6
24/06/2019;0,2;18,4
25/06/2019;0;18,8
26/06/2019;0;20,2
27/06/2019;0;19,6
28/06/2019;0;18,9
29/06/2019;0;17,3
30/06/2019;0;18,4
01/07/2019;0;19,1
02/07/2019;0;20
03/07/2019;0;20,8
04/07/2019;0;20,9
05/07/2019;0;19,7
06/07/2019;0;15,9
07/07/2019;0;12,6
08/07/2019;0;12,3
09/07/2019;0;13,6
10/07/2019;0;14,1
11/07/2019;0;15,5
12/07/2019;0;16,8
13/07/2019;0;19,7
14/07/2019;0;20,5
15/07/2019;0;21,4
16/07/2019;0;20,5
17/07/2019;0;15,3
18/07/2019;0;13,3
19/07/2019;0;13,4
20/07/2019;0;14
21/07/2019;0;14,6
22/07/2019;0;15,4
23/07/2019;0;16,3
24/07/2019;0;17,8
25/07/2019;0;17,8
26/07/2019;0;16,9
27/07/2019;0;16,6
28/07/2019;0;17,7
29/07/2019;0;17,6
30/07/2019;0;17,6
31/07/2019;0;19,4
01/08/2019;0;19,5
02/08/2019;0;20,4
03/08/2019;0;19,3
04/08/2019;0,2;16,3
05/08/2019;0;14,3
06/08/2019;0;15,2
07/08/2019;0;17,6
08/08/2019;0;18,6
09/08/2019;0,2;19,2
10/08/2019;0;19,9
11/08/2019;0;21
12/08/2019;0;20
13/08/2019;0;20,4
14/08/2019;0;18,3
15/08/2019;0;14,8
16/08/2019;0;14,6
17/08/2019;0;15,4
18/08/2019;0;18,4
19/08/2019;0;22,4
20/08/2019;0;20,6
21/08/2019;0;19,3
22/08/2019;0;17,8
23/08/2019;0;16,4
24/08/2019;9;16,7
25/08/2019;0;16,5
26/08/2019;0;16,6
27/08/2019;0;17,7
28/08/2019;0;15,9
29/08/2019;0;14,9
30/08/2019;0;17,7
31/08/2019;0;20
01/09/2019;0;22,8
02/09/2019;0;21,8
03/09/2019;0;23,1
04/09/2019;0;23,7
05/09/2019;0;21,6
06/09/2019;0;17,9
07/09/2019;0;18,7
08/09/2019;0;19
09/09/2019;0;19,2
10/09/2019;0;22,3
11/09/2019;0;23,8
12/09/2019;0;24,5
13/09/2019;0;26,5
14/09/2019;0;22
15/09/2019;0;20,6
16/09/2019;0;20,2
17/09/2019;0;22,5
18/09/2019;0;24,7
19/09/2019;0;25
20/09/2019;0;24,7
21/09/2019;0;24,3
22/09/2019;0;22,1
23/09/2019;0;17
24/09/2019;0;17,2
25/09/2019;0;14,4
26/09/2019;9,8;14,6
27/09/2019;19,6;17,8
28/09/2019;0;18,7
29/09/2019;0;19,3
30/09/2019;0;20,2
01/10/2019;0;20,7
02/10/2019;0;21,3
03/10/2019;0;20,7
04/10/2019;0;19,9
05/10/2019;0;19,9
06/10/2019;0;20,2
07/10/2019;0,8;21,7
08/10/2019;0;22,3
09/10/2019;0;21,3
10/10/2019;0;19,8
11/10/2019;0;20,4
12/10/2019;0;22,3
13/10/2019;0;23
14/10/2019;0;22,6
15/10/2019;0;22,6
16/10/2019;0;21,9
17/10/2019;0;22,6
18/10/2019;0;23,7
19/10/2019;0;24,4
20/10/2019;0;22
21/10/2019;0;20,4
22/10/2019;3,2;21,1
23/10/2019;0;21,1
24/10/2019;0;21,3
25/10/2019;0;22,3
26/10/2019;0,6;21,5
27/10/2019;11,6;22,2
28/10/2019;0;21,6
29/10/2019;2,8;20,7
30/10/2019;50,2;20,6
31/10/2019;0,2;21,2
01/11/2019;0,4;20,4
02/11/2019;18,8;20
03/11/2019;0;22,1
04/11/2019;0;24,7
05/11/2019;0;25,2
06/11/2019;0,8;24,5
07/11/2019;4;23
08/11/2019;0;22,8
09/11/2019;12;23,4
10/11/2019;0;23,8
11/11/2019;0,8;24,7
12/11/2019;0;20,2
13/11/2019;0;20,7
14/11/2019;0;20,5
15/11/2019;16;18,8
16/11/2019;15,6;19
17/11/2019;11,6;19,6
18/11/2019;2,2;18
19/11/2019;15,4;19,4
20/11/2019;40,8;18,8
21/11/2019;0;20,1
22/11/2019;0,8;19,4
23/11/2019;35,6;20,1
24/11/2019;28,8;19,7
25/11/2019;2,4;18,5
26/11/2019;0;19,8
27/11/2019;0;20,5
28/11/2019;0;21,6
29/11/2019;27,6;19,3
30/11/2019;20,8;20,6
01/12/2019;4;21,4
02/12/2019;43,6;20,7
03/12/2019;6,4;19,3
04/12/2019;0;19,9
05/12/2019;5,2;19,6
06/12/2019;22,6;20,5
07/12/2019;39,4;19,7
08/12/2019;7,4;18,2
09/12/2019;0;19,3
10/12/2019;4,6;18,9
11/12/2019;9,6;19,8
12/12/2019;21,8;20,1
13/12/2019;4,6;22,3
14/12/2019;1,6;22,4
15/12/2019;0;21,5
16/12/2019;0;21,6
17/12/2019;0;22,7
18/12/2019;0;23,7
19/12/2019;0;21,4
20/12/2019;2,8;22,4
21/12/2019;1,6;21,3
22/12/2019;3,6;23,1
23/12/2019;8,6;19,8
24/12/2019;2,8;18,8
25/12/2019;17,4;21,3
26/12/2019;0;22,6
27/12/2019;0;21,7
28/12/2019;0;21,5
29/12/2019;0;20,6
30/12/2019;7,4;20,1
31/12/2019;0;21,6
01/01/2020;0;22,3
02/01/2020;67,4;19,5
03/01/2020;25,8;20
04/01/2020;69,2;19,3
05/01/2020;10,2;20,4
06/01/2020;2,8;21,6
07/01/2020;2,2;22,8
08/01/2020;44,4;22,9
09/01/2020;15,2;23,3
10/01/2020;5,2;23,9
11/01/2020;0,2;24,6
12/01/2020;0;25,5
13/01/2020;0,2;24,2
14/01/2020;21,2;21,5
15/01/2020;21,6;22,4
16/01/2020;22,8;23,2
17/01/2020;76,8;20,5
18/01/2020;24,2;20,6
19/01/2020;0;20,7
20/01/2020;28,8;20,4
21/01/2020;17;19,4
22/01/2020;8,6;20,6
23/01/2020;20,8;18,6
24/01/2020;172,6;19
25/01/2020;125,6;20
26/01/2020;2,6;20,7
27/01/2020;0,2;20,9
28/01/2020;21,8;22
29/01/2020;153,4;20,1
30/01/2020;4,6;23,3
31/01/2020;1,2;23,5
01/02/2020;0,8;23,4
02/02/2020;10,6;22,9
03/02/2020;34;23,2
04/02/2020;0;22,9
05/02/2020;11,2;20
06/02/2020;5,8;19
07/02/2020;70,4;20
08/02/2020;0,2;20,2
09/02/2020;15,8;19,5
10/02/2020;2,2;21,3
11/02/2020;18;19,6
12/02/2020;44,4;19,5
13/02/2020;6;19
14/02/2020;11,2;20,7
15/02/2020;7,2;21,9
16/02/2020;1,8;21,8
17/02/2020;12,6;20,9
18/02/2020;3;22,1
19/02/2020;0;21,7
20/02/2020;0;22,5
21/02/2020;0;22,5
22/02/2020;1,8;22,2
23/02/2020;10,2;19,5
24/02/2020;0,2;18,2
25/02/2020;10,4;21,2
26/02/2020;2,2;20,9
27/02/2020;24,4;21,9
28/02/2020;59,6;19,4
29/02/2020;43;19,1
01/03/2020;3,6;19,7
02/03/2020;23,4;16,1
03/03/2020;13,8;18
04/03/2020;48,6;20,1
05/03/2020;6,8;21,3
06/03/2020;1,2;18,7
07/03/2020;16,8;17,9
08/03/2020;0,2;19,1
09/03/2020;0,2;19,8
10/03/2020;0;20,4
11/03/2020;3,6;20,7
12/03/2020;0;21,1
13/03/2020;0;20,8
14/03/2020;0;21,1
15/03/2020;0;21,4
16/03/2020;0;21,9
17/03/2020;0;21,8
18/03/2020;3,6;21,7
19/03/2020;9;21,7
20/03/2020;79;20,7
21/03/2020;67,6;19,8
22/03/2020;21,8;18,5
23/03/2020;5,6;18,8
24/03/2020;0;17,9
25/03/2020;0;18,5
26/03/2020;0;18,5
27/03/2020;0;18,5
28/03/2020;0;19,7
29/03/2020;0;21,2
30/03/2020;0;22,1
31/03/2020;0;22,1
01/04/2020;0;20,6
02/04/2020;24,2;20,6
03/04/2020;11,4;21,7
04/04/2020;0,6;21,2
05/04/2020;1;22,5
06/04/2020;0;21,7
07/04/2020;0;21,7
08/04/2020;28,4;20,1
09/04/2020;1,2;19,3
10/04/2020;0;20,2
11/04/2020;0;20,8
12/04/2020;10,6;19,5
13/04/2020;0,4;18,5
14/04/2020;0;19,3
15/04/2020;0;19
16/04/2020;12,8;18,4
17/04/2020;0,2;19,5
18/04/2020;1;18,7
19/04/2020;5,2;17,1
20/04/2020;0;17,9
21/04/2020;0;18,5
22/04/2020;0;19,1
23/04/2020;0;19,1
24/04/2020;0;19
25/04/2020;0;18,2
26/04/2020;0;19
27/04/2020;0;18,2
28/04/2020;0;16,6
29/04/2020;0;17,4
30/04/2020;0;18,8
01/05/2020;0;19,9
02/05/2020;0;20,3
03/05/2020;0;19,9
04/05/2020;0;16,8
05/05/2020;0,4;18,2
06/05/2020;0;20,3
07/05/2020;5,6;16,9
08/05/2020;17;15,1
09/05/2020;0;14,8
10/05/2020;0;14
11/05/2020;0;15,5
12/05/2020;0;17,2
13/05/2020;0;18,2
14/05/2020;0;18,8
15/05/2020;4,6;17,7
16/05/2020;1,4;16,4
17/05/2020;0,6;17,7
18/05/2020;0,4;17,8
19/05/2020;0;16,9
20/05/2020;0;16,3
21/05/2020;0;16,4
22/05/2020;0;17,5
23/05/2020;0,2;19,3
24/05/2020;7,6;17,4
25/05/2020;16,8;16,1
26/05/2020;0;14,7
27/05/2020;0;15,6
28/05/2020;0;16
29/05/2020;0;15
30/05/2020;0;15
31/05/2020;0;15,4
01/06/2020;0;16,8
02/06/2020;0;18,2
03/06/2020;0;19,8
04/06/2020;0;18,4
05/06/2020;0;16,9
06/06/2020;0;17,3
07/06/2020;0;17,8
08/06/2020;0;20,2
09/06/2020;0;20,2
10/06/2020;0;21,2
11/06/2020;0;21
12/06/2020;0;21,3
13/06/2020;0;20
14/06/2020;0;19,3
15/06/2020;0;17,7
16/06/2020;0,8;16
17/06/2020;0;14,2
18/06/2020;0,4;14,6
19/06/2020;0;16,5
20/06/2020;0,4;18
21/06/2020;0,6;17,2
22/06/2020;0;17,1
23/06/2020;0;16,6
24/06/2020;0;16,2
25/06/2020;0;17,3
26/06/2020;0;19,3
27/06/2020;0;17,9
28/06/2020;0;18,2
29/06/2020;0;14,7
30/06/2020;0;16,3
01/07/2020;0,2;18
02/07/2020;0,2;18,9
03/07/2020;10,6;18,6
04/07/2020;0;18
05/07/2020;0;17,3
06/07/2020;0;18,2
07/07/2020;0;17,5
08/07/2020;0;18,6
09/07/2020;0;19,9
10/07/2020;0;17,7
11/07/2020;0;17,3
12/07/2020;0;17,5
13/07/2020;0;19,5
14/07/2020;0;20,9
15/07/2020;0;18,5
16/07/2020;0;17,2
17/07/2020;0,2;17
18/07/2020;0,2;15,6
19/07/2020;0;15,3
20/07/2020;0;16,7
21/07/2020;0;18,5
22/07/2020;0;18,4
23/07/2020;0;17
24/07/2020;0;16,6
25/07/2020;0,4;17,2
26/07/2020;0;17,3
27/07/2020;0,2;17,2
28/07/2020;0;18
29/07/2020;0;null
30/07/2020;null;null
31/07/2020;0;16,4
01/08/2020;0;14,9
02/08/2020;0,2;15,4
03/08/2020;0;14,5
04/08/2020;0;14,7
05/08/2020;0;15
06/08/2020;0;14,6
07/08/2020;0;16
08/08/2020;0;16,3
09/08/2020;0;16,3
10/08/2020;0;17,3
11/08/2020;0;17,3
12/08/2020;0;17,5
13/08/2020;0;18,4
14/08/2020;0;19,1
15/08/2020;0;18,8
16/08/2020;0;20,8
17/08/2020;0;20,3
18/08/2020;0;20
19/08/2020;0;20,4
20/08/2020;0;22,2
21/08/2020;0;15,3
22/08/2020;7,6;11,1
23/08/2020;4,2;12,3
24/08/2020;0;13,8
25/08/2020;0;14
26/08/2020;0;15,3
27/08/2020;0;17,4
28/08/2020;0;17,8
29/08/2020;0;18,7
30/08/2020;0;19,7
31/08/2020;0;21,2
01/09/2020;0;20
02/09/2020;0;18,7
03/09/2020;0;18,4
04/09/2020;0;20,5
05/09/2020;0;20,2
06/09/2020;0;20,4
07/09/2020;0;21,3
08/09/2020;0;21,6
09/09/2020;0;22,3
10/09/2020;0;21,9
11/09/2020;0;22,2
12/09/2020;0;22,2
13/09/2020;0;20,3
14/09/2020;0;20,7
15/09/2020;0;20,8
16/09/2020;0;20,6
17/09/2020;0;21,9
18/09/2020;0;23,9
19/09/2020;0;25,7
20/09/2020;0;23,4
21/09/2020;2,4;19,3
22/09/2020;2,4;16,7
23/09/2020;5,2;16,1
24/09/2020;1,6;18,3
25/09/2020;0;20,2
26/09/2020;0;21,7
27/09/2020;0;23,9
28/09/2020;0;26,8
29/09/2020;0;26,8
30/09/2020;0;25,9
01/10/2020;0;25,3
02/10/2020;0;25,6
03/10/2020;0;27,3
04/10/2020;0;24,7
05/10/2020;0;23,4
06/10/2020;0;24,8
07/10/2020;0;27,1
08/10/2020;1,6;26
09/10/2020;0,2;26,6
10/10/2020;1;23,5
11/10/2020;1,4;18,1
12/10/2020;0;18
13/10/2020;0;20,2
14/10/2020;0;22,1
15/10/2020;9,6;22,3
16/10/2020;0;18,9
17/10/2020;3,8;16,9
18/10/2020;0;16,8
19/10/2020;0;16,4
20/10/2020;1,2;16,3
21/10/2020;16,6;17,5
22/10/2020;0,4;18,9
23/10/2020;2,6;17,2
24/10/2020;0;16,4
25/10/2020;28;17,6
26/10/2020;8,6;19,8
27/10/2020;0;22,8
28/10/2020;0;24,3
29/10/2020;0;23,7
30/10/2020;0;21,3
31/10/2020;9,8;17,2
01/11/2020;0;17,2
02/11/2020;0;17,2
03/11/2020;0;17,4
04/11/2020;21,8;17,5
05/11/2020;0,2;20
06/11/2020;0;21,6
07/11/2020;0;22,3
08/11/2020;0;22,8
09/11/2020;0;22,8
10/11/2020;0;20,1
11/11/2020;5,8;20,8
12/11/2020;32,8;19,7
13/11/2020;5,8;19,3
14/11/2020;27,4;19,1
15/11/2020;20;21,3
16/11/2020;4;21,5
17/11/2020;4,4;22,3
18/11/2020;32,6;20,4
19/11/2020;25,8;19,6
20/11/2020;0,6;22
21/11/2020;0;19,4
22/11/2020;0;19,8
23/11/2020;0;19,8
24/11/2020;0;19,7
25/11/2020;0;19,8
26/11/2020;0;20,7
27/11/2020;0;21
28/11/2020;0;20,9
29/11/2020;0;20,6
30/11/2020;0;21,5
01/12/2020;0;22,3
02/12/2020;0;20,3
03/12/2020;13;20,7
04/12/2020;4,6;22,6
05/12/2020;1;21,7
06/12/2020;16,6;20,2
07/12/2020;0,6;20,1
08/12/2020;11,8;21,1
09/12/2020;63,4;19,5
10/12/2020;36,6;18,8
11/12/2020;8,8;20,5
12/12/2020;16,6;22,2
13/12/2020;9;22,5
14/12/2020;0;22,8
15/12/2020;0;23,6
16/12/2020;0;23,6
17/12/2020;0;22,9
18/12/2020;8,2;22,4
19/12/2020;15,4;22,6
20/12/2020;3,6;22,1
21/12/2020;0;22,6
22/12/2020;9,6;22,1
23/12/2020;8,4;20,7
24/12/2020;0,2;19,8
25/12/2020;32,8;19,5
26/12/2020;3,8;20,1
27/12/2020;0,4;21,6
28/12/2020;0;21,4
29/12/2020;0;21,5
30/12/2020;0;22
31/12/2020;0;23,3
01/01/2021;9;22,4
02/01/2021;66;20,8
03/01/2021;27,8;20,1
04/01/2021;21,4;19,8
05/01/2021;0;22,3
06/01/2021;6,6;null
07/01/2021;21,8;null
08/01/2021;30,2;null
09/01/2021;10,6;null
10/01/2021;11;null
11/01/2021;0,2;null
12/01/2021;0;null
13/01/2021;0;22
14/01/2021;0;21,8
15/01/2021;0;20,8
16/01/2021;16;19,9
17/01/2021;0;20,7
18/01/2021;0;21,7
19/01/2021;0;22,5
20/01/2021;0;22,4
21/01/2021;0;21,5
22/01/2021;0;21,5
23/01/2021;2,6;20,4
24/01/2021;0;21
25/01/2021;0;21,8
26/01/2021;0;22
27/01/2021;0;22
28/01/2021;0;22,7
29/01/2021;0;22,7
30/01/2021;0;23,3
31/01/2021;0;22,9
01/02/2021;0;22,1
02/02/2021;0;22,5
03/02/2021;0;23
04/02/2021;0;23,4
05/02/2021;55,4;19,5
06/02/2021;35,8;18,9
07/02/2021;48,4;17,4
08/02/2021;109;18,4
09/02/2021;0;18,7
10/02/2021;1,8;20
11/02/2021;0,2;20,6
12/02/2021;20,4;19,5
13/02/2021;2,2;20,5
14/02/2021;38,4;19,9
15/02/2021;0,6;21
16/02/2021;7,4;21,9
17/02/2021;13,6;21,3
18/02/2021;15,2;19,8
19/02/2021;22,8;20,6
20/02/2021;2,8;21,1
21/02/2021;2,6;20,5
22/02/2021;83,6;20,6
23/02/2021;17,6;20,4
24/02/2021;0;21,9
25/02/2021;0;22,4
26/02/2021;0;19,7
27/02/2021;10,4;18,6
28/02/2021;1,6;18,6
01/03/2021;0,8;19,2
02/03/2021;0;19,5
03/03/2021;0;21,2
04/03/2021;0;21,6
05/03/2021;0;22,7
06/03/2021;1,8;21,5
07/03/2021;9,2;19,2
08/03/2021;45;19,8
09/03/2021;1,4;18,9
10/03/2021;46,6;19,3
11/03/2021;8,6;21,2
12/03/2021;0;21,6
13/03/2021;11,2;21,6
14/03/2021;0;20,8
15/03/2021;0;21
16/03/2021;0;21,2
17/03/2021;0;21
18/03/2021;0;21,3
19/03/2021;0;21,1
20/03/2021;0;20,8
21/03/2021;0;20
22/03/2021;0;21
23/03/2021;0;22,5
24/03/2021;0;23,1
25/03/2021;0;22,8
26/03/2021;0;22,4
27/03/2021;0;22,7
28/03/2021;1,2;22,5
29/03/2021;36;21,7
30/03/2021;1,6;23
31/03/2021;5;22,1
01/04/2021;0;22,1
02/04/2021;0;20,6
03/04/2021;0,2;21
04/04/2021;4;20,3
05/04/2021;0;19,5
06/04/2021;0;19
07/04/2021;0,4;18,7
08/04/2021;2,2;17,6
09/04/2021;0;18,2
10/04/2021;0;18,9
11/04/2021;0;19,9
12/04/2021;0;21,7
13/04/2021;0;20,6
14/04/2021;0;18,9
15/04/2021;0;17,8
16/04/2021;0;17,7
17/04/2021;0;18,3
18/04/2021;0;20
19/04/2021;3,2;20,8
20/04/2021;0;20
21/04/2021;0;19,9
22/04/2021;0;20
23/04/2021;0;20,2
24/04/2021;0;21,2
25/04/2021;0;22,1
26/04/2021;0;23,3
27/04/2021;0;20,1
28/04/2021;0,6;19,5
29/04/2021;0,2;18,9
30/04/2021;0;17
01/05/2021;0;16,6
02/05/2021;0;16
03/05/2021;0;17,9
04/05/2021;0,2;18,3
05/05/2021;0;20,2
06/05/2021;0;20,5
07/05/2021;0;22,1
08/05/2021;0;18,5
09/05/2021;0;17,1
10/05/2021;0;16,2
11/05/2021;0;17,2
12/05/2021;0;18,7
13/05/2021;0;18,5
14/05/2021;0;16,4
15/05/2021;0;16,5
16/05/2021;0;17,2
17/05/2021;1,8;18,2
18/05/2021;0;19,3
19/05/2021;0;19,9
20/05/2021;0;21,2
21/05/2021;0;21,3
22/05/2021;0;22,4
23/05/2021;0;20,7
24/05/2021;0;20
25/05/2021;0;20,6
26/05/2021;0;20,1
27/05/2021;0,2;21,4
28/05/2021;0;20,2
29/05/2021;0;21,5
30/05/2021;0,2;21,3
31/05/2021;0;19,2
01/06/2021;17,8;17,8
02/06/2021;0,6;18,3
03/06/2021;16,8;19,4
04/06/2021;0;19,1
05/06/2021;0;17,3
06/06/2021;0;17,4
07/06/2021;0;19,1
08/06/2021;0;19,2
09/06/2021;0;18,5
10/06/2021;0,2;17,2
11/06/2021;0;18,3
12/06/2021;0,2;17,7
13/06/2021;0,4;15,8
14/06/2021;0;14,9
15/06/2021;0;16,4
16/06/2021;0;18,7
17/06/2021;0;17,7
18/06/2021;0;16,1
19/06/2021;0;15,7
20/06/2021;0;17,4
21/06/2021;0;20,2
22/06/2021;0;19,5
23/06/2021;0;16,2
24/06/2021;0;16,6
25/06/2021;0;18,7
26/06/2021;0;17
27/06/2021;0;15,9
28/06/2021;0;16,3
29/06/2021;0;17,4
30/06/2021;0;17
01/07/2021;2,4;14,5
02/07/2021;0;14,1
03/07/2021;0;14,9
04/07/2021;0;14,7
05/07/2021;0;14,7
06/07/2021;0;14,5
07/07/2021;0;14,5
08/07/2021;0;15,6
09/07/2021;0;16,2
10/07/2021;0;16,2
11/07/2021;0;16,8
12/07/2021;0;16,5
13/07/2021;0;16
14/07/2021;0;17,1
15/07/2021;0;18,1
16/07/2021;0;20,2
17/07/2021;0;20,9
18/07/2021;0;22
19/07/2021;0;19,8
20/07/2021;0;15,9
21/07/2021;0;16,9
22/07/2021;0;16,1
23/07/2021;0;14,7
24/07/2021;0;15,1
25/07/2021;0;15,2
26/07/2021;0;16,2
27/07/2021;0;18
28/07/2021;0;20,7
29/07/2021;0;16,1
30/07/2021;0;13,3
31/07/2021;0;12,6
01/08/2021;0;12,9
02/08/2021;0;14,6
03/08/2021;0;16,9
04/08/2021;0;15,2
05/08/2021;0;14,9
06/08/2021;1;15,3
07/08/2021;0;14,4
08/08/2021;0;15,2
09/08/2021;0;16,8
10/08/2021;0;17,6
11/08/2021;0;20,1
12/08/2021;0;18,1
13/08/2021;0;17,2
14/08/2021;0;19
15/08/2021;0;19,6
16/08/2021;0;19,6
17/08/2021;14,2;18
18/08/2021;8;18,6
19/08/2021;0;18,1
20/08/2021;0;18,3
21/08/2021;0;19,1
22/08/2021;0;18,8
23/08/2021;0;19,7
24/08/2021;0;20,4
25/08/2021;0;19,9
26/08/2021;0;19,4
27/08/2021;0;19,8
28/08/2021;0;18,2
29/08/2021;0;18,2
30/08/2021;0;17,7
31/08/2021;0,4;16,1
01/09/2021;0,2;16,5
02/09/2021;0;16,6
03/09/2021;0;19
04/09/2021;0;20,6
05/09/2021;0;23,4
06/09/2021;0;25,3
07/09/2021;0;22,3
08/09/2021;0;21,3
09/09/2021;0;23,8
10/09/2021;0;25,8
11/09/2021;0;23,9
12/09/2021;0;22,8
13/09/2021;0;24,5
14/09/2021;0;25
15/09/2021;0;26,4
16/09/2021;0;22,8
17/09/2021;0;20,4
18/09/2021;0;22,4
19/09/2021;0;25,8
20/09/2021;0;23,6
21/09/2021;0;24,8
22/09/2021;0;21,4
23/09/2021;0;16,2
24/09/2021;0;18,3
25/09/2021;0;18,7
26/09/2021;0,8;20,2
27/09/2021;0;21,3
28/09/2021;7,6;21,2
29/09/2021;0;22,8
30/09/2021;12;21,7
01/10/2021;0;23,5
02/10/2021;18,4;22
03/10/2021;36,6;22,2
04/10/2021;0;24,7
05/10/2021;0;23,4
06/10/2021;1;21,5
07/10/2021;6,4;19,6
08/10/2021;0,8;19,6
09/10/2021;0;18,7
10/10/2021;23,4;16,3
11/10/2021;14,8;15,9
12/10/2021;20;17,3
13/10/2021;0;19,6
14/10/2021;0;21,8
15/10/2021;0;21,6
16/10/2021;3,8;21,6
17/10/2021;4,4;20,6
18/10/2021;13,6;19,9
19/10/2021;52,2;18
20/10/2021;22,4;15,4
21/10/2021;26,2;16,1
22/10/2021;0;19,2
23/10/2021;0;20,6
24/10/2021;0;20,4
25/10/2021;0,4;21,1
26/10/2021;1;20,7
27/10/2021;0,8;22
28/10/2021;0;22
29/10/2021;0;20,5
30/10/2021;0;20,3
31/10/2021;0;18,8
01/11/2021;10;17,8
02/11/2021;51,8;19,4
03/11/2021;0;21,4
04/11/2021;0,4;22,2
05/11/2021;0;22,7
06/11/2021;0;23
07/11/2021;0;21,3
08/11/2021;5,4;21
09/11/2021;12,6;21,1
10/11/2021;0;20,6
11/11/2021;36;17,3
12/11/2021;29,2;15,5
13/11/2021;7;15,3
14/11/2021;0;16,6
15/11/2021;0;18,1
16/11/2021;0;18,9
17/11/2021;0;20,6
18/11/2021;0;20,3
19/11/2021;15;19,6
20/11/2021;19,8;18,8
21/11/2021;16;17,5
22/11/2021;9,2;20,1
23/11/2021;0,2;22,1
24/11/2021;0;23,4
25/11/2021;0;22,2
26/11/2021;0;21,8
27/11/2021;45;18,5
28/11/2021;2;19,5
29/11/2021;1,2;22,5
30/11/2021;0;21,9
01/12/2021;19,2;19,8
02/12/2021;13;21,4
03/12/2021;0,2;19,2
04/12/2021;4,2;19,2
05/12/2021;0,2;21,1
06/12/2021;77,6;17
07/12/2021;48;17,7
08/12/2021;24,2;14,6
09/12/2021;6,4;18,6
10/12/2021;0;21,1
11/12/2021;0;22
12/12/2021;0;22,3
13/12/2021;48;20,1
14/12/2021;0,4;20,7
15/12/2021;12;19,4
16/12/2021;15,2;21,3
17/12/2021;1,2;19,2
18/12/2021;9;21,7
19/12/2021;0,4;19,3
20/12/2021;0;19
21/12/2021;0,2;20,1
22/12/2021;0,2;22,1
23/12/2021;0;21,8
24/12/2021;16,8;18,4
25/12/2021;0,4;18,6
26/12/2021;0,2;20,4
27/12/2021;0;22
28/12/2021;0;21,3
29/12/2021;43;20,1
30/12/2021;13,2;17,8
31/12/2021;42;17,4
01/01/2022;34,6;18,4
02/01/2022;39,6;19,6
03/01/2022;24,2;19,8
04/01/2022;10;19,9
05/01/2022;8;19,3
06/01/2022;23,6;19,8
07/01/2022;47,4;18,9
08/01/2022;77;18,3
09/01/2022;144,6;18,1
10/01/2022;93,8;18,6
11/01/2022;66,2;18,6
12/01/2022;27,2;21,5
13/01/2022;2,4;22,9
14/01/2022;0;23,9
15/01/2022;0;22,6
16/01/2022;0;21,8
17/01/2022;0;22,7
18/01/2022;0;22,1
19/01/2022;0;23,6
20/01/2022;0;23
21/01/2022;21,4;21,9
22/01/2022;0,8;22,6
23/01/2022;0;22,2
24/01/2022;0;21,9
25/01/2022;0;21,7
26/01/2022;0;21,9
27/01/2022;0;22,1
28/01/2022;0;23,2
29/01/2022;5,2;20,3
30/01/2022;18,4;20
31/01/2022;16,4;19,5
01/02/2022;14,8;20,7
02/02/2022;2,6;20
03/02/2022;0,2;20,3
04/02/2022;5,2;21,8
05/02/2022;3,6;20,6
06/02/2022;7;19,4
07/02/2022;4,8;18,9
08/02/2022;22;19,1
09/02/2022;12,6;19,2
10/02/2022;22,6;19,7
11/02/2022;51;19
12/02/2022;49,2;18,2
13/02/2022;1,2;20,3
14/02/2022;0;21,8
15/02/2022;25,2;20,1
16/02/2022;0,4;20,6
17/02/2022;3,4;20,3
18/02/2022;8,6;18,6
19/02/2022;10,4;20,4
20/02/2022;20,8;19,9
21/02/2022;2;20,3
22/02/2022;17;20,6
23/02/2022;0,2;22,2
24/02/2022;0;22,5
25/02/2022;0;22,7
26/02/2022;0;22,6
27/02/2022;0;21,6
28/02/2022;0;21,7
01/03/2022;0;21,2
02/03/2022;0;21,9
03/03/2022;0;22
04/03/2022;0;22
05/03/2022;0;22,3
06/03/2022;0;21,8
07/03/2022;0;21,7
08/03/2022;0;22,6
09/03/2022;0;22,2
10/03/2022;0;21,2
11/03/2022;0;22
12/03/2022;0;21,6
13/03/2022;16;22,6
14/03/2022;0;22,3
15/03/2022;0;22,6
16/03/2022;0;22,6
17/03/2022;0;22
18/03/2022;0;22,3
19/03/2022;0;22,2
20/03/2022;0;22,3
21/03/2022;6;18,5
22/03/2022;0,2;18,3
23/03/2022;0;19,6
24/03/2022;0;20,4
25/03/2022;0;21,9
26/03/2022;0;23,3
27/03/2022;2,6;23,6
28/03/2022;0,2;22,7
29/03/2022;0;21,2
30/03/2022;0;22,8
31/03/2022;0;24,2
01/04/2022;27,8;21,4
02/04/2022;0,2;20,6
03/04/2022;0,6;19,6
04/04/2022;1;20,4
05/04/2022;0;22,2
06/04/2022;0;21,8
07/04/2022;1,2;21,8
08/04/2022;0,2;22,1
09/04/2022;0;20,8
10/04/2022;0,8;22,7
11/04/2022;0;21,9
12/04/2022;0;22
13/04/2022;0;23
14/04/2022;0,4;22,1
15/04/2022;3,4;19,3
16/04/2022;0;17,8
17/04/2022;0;17,8
18/04/2022;0;17,8
19/04/2022;0;18,8
20/04/2022;0;20,1
21/04/2022;0;20,8
22/04/2022;0;21,7
23/04/2022;0;22,5
24/04/2022;0;23,5
25/04/2022;10,4;19,7
26/04/2022;0;20,6
27/04/2022;0;20,1
28/04/2022;0;20,9
29/04/2022;0;21,4
30/04/2022;0;20,2
01/05/2022;0;20
02/05/2022;0;20,5
03/05/2022;0;21,4
04/05/2022;0;21,1
05/05/2022;59,8;18,2
06/05/2022;1,2;19,5
07/05/2022;0,4;18,7
08/05/2022;0,4;18,1
09/05/2022;0;17,4
10/05/2022;0;16,9
11/05/2022;0;18,6
12/05/2022;0;20,1
13/05/2022;0;19,4
14/05/2022;0,2;19,3
15/05/2022;0;16,9
16/05/2022;3,6;18,2
17/05/2022;3,8;16,1
18/05/2022;0,2;10,8
19/05/2022;0;9,4
20/05/2022;0;12,7
21/05/2022;0;14,2
22/05/2022;0;15,1
23/05/2022;0;15,7
24/05/2022;0;15,7
25/05/2022;0;14,8
26/05/2022;0;16,7
27/05/2022;0;16,4
28/05/2022;0;16,4
29/05/2022;0,2;17,9
30/05/2022;0,2;19,7
31/05/2022;0;21,8
01/06/2022;0;19,8
02/06/2022;0;20,2
03/06/2022;0;21,7
04/06/2022;0;17,2
05/06/2022;0;15,9
06/06/2022;0;15,4
07/06/2022;0;17,6
08/06/2022;0;19,9
09/06/2022;0;19,7
10/06/2022;0;19,5
11/06/2022;0;19,1
12/06/2022;0;18,3
13/06/2022;0;16,5
14/06/2022;0;14,4
15/06/2022;0;14,6
16/06/2022;0,4;15,2
17/06/2022;0;17,6
18/06/2022;0;19
19/06/2022;0;17,6
20/06/2022;0;17
21/06/2022;0;16,8
22/06/2022;0;17,4
23/06/2022;0,2;17,8
24/06/2022;0;17,9
25/06/2022;0;19
26/06/2022;0;16,8
27/06/2022;0;14,3
28/06/2022;0;14,6
29/06/2022;0;17
30/06/2022;0;19,6
01/07/2022;0;16,5
02/07/2022;0;16,1
03/07/2022;0;16,6
04/07/2022;0;16,4
05/07/2022;0;16,7
06/07/2022;0;16,5
07/07/2022;0;16,6
08/07/2022;0;16,5
09/07/2022;0;16,7
10/07/2022;0;16,1
11/07/2022;0;16,6
12/07/2022;0;18,3
13/07/2022;0;18,6
14/07/2022;0;16,7
15/07/2022;0;17,4
16/07/2022;0;18,6
17/07/2022;0;20
18/07/2022;0;18,3
19/07/2022;0;17,6
20/07/2022;0;16,9
21/07/2022;0;17
22/07/2022;0;17,4
23/07/2022;0;17,9
24/07/2022;0;17,1
25/07/2022;0;17,1
26/07/2022;0;16,2
27/07/2022;0;16,2
28/07/2022;0;17,9
29/07/2022;0;19,6
30/07/2022;0;20,6
31/07/2022;0;18
01/08/2022;0;17,6
02/08/2022;0;19,1
03/08/2022;0;19,7
04/08/2022;0;19,3
05/08/2022;0;20,8
06/08/2022;0;21,6
07/08/2022;0;20,3
08/08/2022;0;20,2
09/08/2022;0;19,4
10/08/2022;0,4;17,4
11/08/2022;0;14,8
12/08/2022;0;15,6
13/08/2022;0;16
14/08/2022;0;15,8
15/08/2022;0;15,7
16/08/2022;0;18,4
17/08/2022;0;20,6
18/08/2022;0;19,2
19/08/2022;0;19,8
20/08/2022;0;14,2
21/08/2022;0;13,6
22/08/2022;0;14,9
23/08/2022;0;16,7
24/08/2022;0;17,5
25/08/2022;0;17,6
26/08/2022;0;17,7
27/08/2022;0;18,8
28/08/2022;0;20,8
29/08/2022;0;18,8
30/08/2022;0;13
31/08/2022;0;13,4
01/09/2022;0;14,6
02/09/2022;0;16,1
03/09/2022;0;20,2
04/09/2022;0;20,4
05/09/2022;0;16,4
06/09/2022;0;15,9
07/09/2022;0;15,7
08/09/2022;0;18,5
09/09/2022;0;20,9
10/09/2022;0;23,2
11/09/2022;0;24,6
12/09/2022;0;20,8
13/09/2022;0;21,6
14/09/2022;0;24,4
15/09/2022;0;21,4
16/09/2022;0;19
17/09/2022;1,2;13,8
18/09/2022;0;15,1
19/09/2022;0;18,1
20/09/2022;0;19,7
21/09/2022;0;22,1
22/09/2022;33,4;19,3
23/09/2022;0;20,9
24/09/2022;0;21
25/09/2022;0;19,6
26/09/2022;0;20,6
27/09/2022;0;18,1
28/09/2022;10,2;19
29/09/2022;2,2;17,6
30/09/2022;0;18,1
01/10/2022;7,2;19
02/10/2022;0;21,7
03/10/2022;6;20,9
04/10/2022;44,2;18,9
05/10/2022;3,6;21,5
06/10/2022;0;21
07/10/2022;0;19,6
08/10/2022;2,4;20,6
09/10/2022;0;20,8
10/10/2022;0;22,3
11/10/2022;0;22,9
12/10/2022;0;23,7
13/10/2022;0;null
14/10/2022;null;null
15/10/2022;null;null
16/10/2022;null;null
17/10/2022;null;null
18/10/2022;null;null
19/10/2022;0;20,8
20/10/2022;35,4;20,1
21/10/2022;0;20,1
22/10/2022;0;20,1
23/10/2022;29;19,2
24/10/2022;22,2;19,3
25/10/2022;20,2;19,3
26/10/2022;0;20,8
27/10/2022;0;22,2
28/10/2022;0;22,4
29/10/2022;1,6;22,3
30/10/2022;1,2;22
31/10/2022;9,8;19,8
01/11/2022;12,8;21,2
02/11/2022;9,4;14,4
03/11/2022;24,4;12
04/11/2022;0,4;13,9
05/11/2022;0;16
06/11/2022;0;17,2
07/11/2022;0;18,3
08/11/2022;18,4;19,1
09/11/2022;13,4;18,2
10/11/2022;2,4;20,9
11/11/2022;0,2;21,4
12/11/2022;12,2;19,7
13/11/2022;0;22,7
14/11/2022;12,6;20,6
15/11/2022;20,8;19,3
16/11/2022;14,8;19,2
17/11/2022;23;20,3
18/11/2022;0;19,7
19/11/2022;0;19,3
20/11/2022;0;19,7
21/11/2022;0;21
22/11/2022;0;20,4
23/11/2022;0;19,4
24/11/2022;25,2;18,4
25/11/2022;1,4;19,1
26/11/2022;13;18,5
27/11/2022;11;19,5
28/11/2022;4,6;20,8
29/11/2022;28,2;19,9
30/11/2022;24;20
01/12/2022;0,2;20,2
02/12/2022;1,6;21,1
03/12/2022;0,2;19,7
04/12/2022;3,4;19,4
05/12/2022;0,4;19,2
06/12/2022;0;17,4
07/12/2022;16,6;18,6
08/12/2022;40,2;21,1
09/12/2022;0,2;23,1
10/12/2022;0;22,5
11/12/2022;47,2;21,2
12/12/2022;32,2;21,6
13/12/2022;23,2;19,5
14/12/2022;23,4;18,1
15/12/2022;0,4;17,9
16/12/2022;0;19
17/12/2022;0;19,6
18/12/2022;38,8;20,1
19/12/2022;1,6;18,2
20/12/2022;35;18,4
21/12/2022;81,2;19,6
22/12/2022;1,6;18,7
23/12/2022;2;18,7
24/12/2022;0;19,5
25/12/2022;1,4;19
26/12/2022;4,4;18,5
27/12/2022;25,2;19,8
28/12/2022;0,8;21
29/12/2022;0;20,9
30/12/2022;0;21,3
31/12/2022;71,4;19,4
01/01/2023;2,8;19,2
02/01/2023;20,6;18,6
03/01/2023;6,4;18,9
04/01/2023;41;19
05/01/2023;9,6;18,8
06/01/2023;44,4;19
07/01/2023;63,6;18,9
08/01/2023;45,2;18,4
09/01/2023;14,6;19,3
10/01/2023;8;20,5
11/01/2023;2;20,5
12/01/2023;17,4;19,4
13/01/2023;0;21,6
14/01/2023;44,2;22,1
15/01/2023;0;22,9
16/01/2023;0;22,3
17/01/2023;0;21,7
18/01/2023;0;21,7
19/01/2023;0;20,2
20/01/2023;7,2;18,7
21/01/2023;62,8;17,7
22/01/2023;19,8;19,3
23/01/2023;16,8;20,3
24/01/2023;2,8;19,7
25/01/2023;24,2;20,3
26/01/2023;0,2;20,8
27/01/2023;0,2;20,9
28/01/2023;0;21,4
29/01/2023;0;22,2
30/01/2023;8;20,4
31/01/2023;1;21,4
01/02/2023;0;21,9
02/02/2023;0;21,9
03/02/2023;0;23,2
04/02/2023;0;24,1
05/02/2023;0;24,5
06/02/2023;0;23,4
07/02/2023;0,6;21,1
08/02/2023;3,8;20,9
09/02/2023;0,2;20,2
10/02/2023;0,2;20,9
11/02/2023;0;22,4
12/02/2023;0;21,1
13/02/2023;26,4;21,7
14/02/2023;14;22,3
15/02/2023;45;22,3
16/02/2023;70,2;20,8
17/02/2023;0;21,9
18/02/2023;4,6;21,2
19/02/2023;3;21,8
20/02/2023;0;21
21/02/2023;0;21,2
22/02/2023;0;22,3
23/02/2023;0;21,8
24/02/2023;0;22,2
25/02/2023;0;22,5
26/02/2023;0;23
27/02/2023;0;22,7
28/02/2023;0;22,3
01/03/2023;0;22,8
02/03/2023;0;22
03/03/2023;20,2;22,3
04/03/2023;0;22,2
05/03/2023;0;23,1
06/03/2023;0;22,6
07/03/2023;0;22,3
08/03/2023;0;20,8
09/03/2023;0;21,6
10/03/2023;0;22,3
11/03/2023;0;21,6
12/03/2023;76,2;20,3
13/03/2023;0,2;20,6
14/03/2023;0,4;20,2
15/03/2023;0;21,2
16/03/2023;2,8;20,6
17/03/2023;0;21
18/03/2023;0;20,9
19/03/2023;0;21
20/03/2023;3,6;21,6
21/03/2023;0,2;22,5
22/03/2023;0;22,2
23/03/2023;0,2;21,8
24/03/2023;0;22,2
25/03/2023;0;23,1
26/03/2023;0;23,4
27/03/2023;0;23,5
28/03/2023;0;21,8
29/03/2023;0;21,6
30/03/2023;0;22,3
31/03/2023;0;23
01/04/2023;0,6;23,2
02/04/2023;0;21,8
03/04/2023;0;19,1
04/04/2023;3,2;20,3
05/04/2023;0,2;20,7
06/04/2023;0;21,3
07/04/2023;0;20,8
08/04/2023;13,4;21,1
09/04/2023;13,8;19,2
10/04/2023;3,4;19,1
11/04/2023;0,2;19
12/04/2023;0;19
13/04/2023;12;20,7
14/04/2023;0,2;21,1
15/04/2023;5,8;20,7
16/04/2023;0,2;19,7
17/04/2023;10,2;20,8
18/04/2023;0;23,4
19/04/2023;0,4;20,3
20/04/2023;3,8;19,6
21/04/2023;0;16,9
22/04/2023;0;17
23/04/2023;0,2;17,3
24/04/2023;0,2;17,8
25/04/2023;0;18,5
26/04/2023;0;19,8
27/04/2023;0;20,9
28/04/2023;11,2;21,1
29/04/2023;18,8;19
30/04/2023;0,6;18,7
01/05/2023;3;19
02/05/2023;0;19,4
03/05/2023;0;19,7
04/05/2023;0;20,4
05/05/2023;0;20,6
06/05/2023;0;19,7
07/05/2023;0;18,5
08/05/2023;0;18,6
09/05/2023;0;19,5
10/05/2023;0;19,3
11/05/2023;0;20,6
12/05/2023;0;20,2
13/05/2023;0;18,7
14/05/2023;0,6;18,7
15/05/2023;0,2;19,2
16/05/2023;0;19,6
17/05/2023;0;17,6
18/05/2023;0;16,3
19/05/2023;0;15,6
20/05/2023;0;15,3
21/05/2023;0;16,3
22/05/2023;0;16,4
23/05/2023;0;15,7
24/05/2023;0,2;16
25/05/2023;0;17,3
26/05/2023;0;16,5
27/05/2023;0;18
28/05/2023;0;19,1
29/05/2023;0;17,9
30/05/2023;0;16,5
31/05/2023;0;17,4
01/06/2023;0;18
02/06/2023;0;17,1
03/06/2023;0;16,4
04/06/2023;0;16,7
05/06/2023;0,2;16,5
06/06/2023;0,2;15,3
07/06/2023;0;15,6
08/06/2023;0;16,6
09/06/2023;0;17,8
10/06/2023;0;19,5
11/06/2023;0;20
12/06/2023;0;20,3
13/06/2023;0;19,6
14/06/2023;0;18
15/06/2023;0;18,2
16/06/2023;0;18,9
17/06/2023;5;17,3
18/06/2023;0,2;16,7
19/06/2023;0,4;16,2
20/06/2023;0;15
21/06/2023;0;14,6
22/06/2023;0;14,9
23/06/2023;0;14,7
24/06/2023;0;16,1
25/06/2023;0;15,7
26/06/2023;0;17,3
27/06/2023;0,2;17,4
28/06/2023;0;18
29/06/2023;0;18,4
30/06/2023;0;17,1
01/07/2023;0;16,3
02/07/2023;0;17,5
03/07/2023;0;15,2
04/07/2023;0;14,1
05/07/2023;0;13,6
06/07/2023;0;13,8
07/07/2023;0;15,8
08/07/2023;0;18,5
09/07/2023;0;21
10/07/2023;0;20,3
11/07/2023;0;21,4
12/07/2023;0;22
13/07/2023;0;21,8
14/07/2023;1,2;18,2
15/07/2023;0;14,5
16/07/2023;0;16,9
17/07/2023;0;20,4
18/07/2023;0;21,2
19/07/2023;0;19,8
20/07/2023;0;17
21/07/2023;0,4;15,8
22/07/2023;0,2;15,5
23/07/2023;0;17
24/07/2023;0;17
25/07/2023;0;18,2
26/07/2023;0;18,3
27/07/2023;0;18
28/07/2023;0;19
29/07/2023;0;19,2
30/07/2023;0;17,5
31/07/2023;0,2;17,6
01/08/2023;0;17,8
02/08/2023;0;17,5
03/08/2023;0;19,3
04/08/2023;0;20,5
05/08/2023;0;20,7
06/08/2023;0;19,4
07/08/2023;0;19,1
08/08/2023;0;21,6
09/08/2023;0;17,3
10/08/2023;0,2;18,1
11/08/2023;0;19,1
12/08/2023;0;21,4
13/08/2023;0;19
14/08/2023;0;19,2
15/08/2023;0;18,3
16/08/2023;0;17,5
17/08/2023;0;17,5
18/08/2023;0;18,8
19/08/2023;0;21,2
20/08/2023;0;20,8
21/08/2023;6;16,5
22/08/2023;0;21,4
23/08/2023;0;23,6
24/08/2023;0;24,9
25/08/2023;0;23,9
26/08/2023;0;22,7
27/08/2023;4,8;14,6
28/08/2023;0,8;15,4
29/08/2023;0,2;17,6
30/08/2023;6,8;19,3
31/08/2023;0;21
01/09/2023;0,4;20,2
02/09/2023;0;19,9
03/09/2023;0;19,7
04/09/2023;0,6;21
05/09/2023;0;21,2
06/09/2023;7,4;18,3
07/09/2023;0;18,4
08/09/2023;0;18,9
09/09/2023;0;19,5
10/09/2023;0;19,5
11/09/2023;0;18,9
12/09/2023;0;20,2
13/09/2023;0;21,3
14/09/2023;0;22,7
15/09/2023;0;21
16/09/2023;0;21,2
17/09/2023;0;21,8
18/09/2023;0;22
19/09/2023;0;22,5
20/09/2023;0;21,3
21/09/2023;0;20,4
22/09/2023;0;21,3
23/09/2023;0;23,9
24/09/2023;0;26,4
25/09/2023;0;28,1
26/09/2023;0;27,4
27/09/2023;0;25
28/09/2023;4,4;23,6
29/09/2023;12;18,3
30/09/2023;0;20,1
01/10/2023;0;17,1
02/10/2023;24,6;20,4
03/10/2023;4,6;22,8
04/10/2023;0;24,4
05/10/2023;0,6;25,2
06/10/2023;23,2;23,3
07/10/2023;0;24,6
08/10/2023;0;24,3
09/10/2023;0;22,7
10/10/2023;0;23,6
11/10/2023;0;23,1
12/10/2023;0;24,3
13/10/2023;0;23,8
14/10/2023;0;22
15/10/2023;0;20,3
16/10/2023;0;22,3
17/10/2023;0;23,6
18/10/2023;0;23,1
19/10/2023;4,8;21,3
20/10/2023;9,4;20,1
21/10/2023;3;19,3
22/10/2023;0,2;20,9
23/10/2023;0;22,2
24/10/2023;0;24,9
25/10/2023;0;24,3
26/10/2023;7,4;22,9
27/10/2023;7,2;21,5
28/10/2023;1,6;22,2
29/10/2023;0,2;23,6
30/10/2023;49,2;22,9
31/10/2023;0;22
01/11/2023;6,8;21,8
02/11/2023;0;21,6
03/11/2023;9,8;22
04/11/2023;6,4;21,7
05/11/2023;0;23,5
06/11/2023;0;20,9
07/11/2023;0;20,6
08/11/2023;0;20,2
09/11/2023;0;22,7
10/11/2023;0;24,8
11/11/2023;0;26
12/11/2023;0;27,5
13/11/2023;0;28,3
14/11/2023;0;28,7
15/11/2023;0;28,5
16/11/2023;0;27
17/11/2023;0;27,6
18/11/2023;0;28,8
19/11/2023;0;26
20/11/2023;52;19,5
21/11/2023;6,4;21,4
22/11/2023;0,2;23,7
23/11/2023;0;26
24/11/2023;43,4;22,8
25/11/2023;0,6;19,8
26/11/2023;0,2;20,3
27/11/2023;0;21,3
28/11/2023;0,6;22,5
29/11/2023;0;21,9
30/11/2023;0;23,8
01/12/2023;0;24,1
02/12/2023;12,6;22,1
03/12/2023;0;22,6
04/12/2023;0;22,8
05/12/2023;0,4;24,5
06/12/2023;10,6;23,7
07/12/2023;0;24,4
08/12/2023;0;25,1
09/12/2023;0;23,7
10/12/2023;0;21,9
11/12/2023;0;21,5
12/12/2023;1;22,1
13/12/2023;24,6;21,3
14/12/2023;0;22,3
15/12/2023;0;22,7
16/12/2023;0;23,3
17/12/2023;0;22,9
18/12/2023;0;23,5
19/12/2023;0;21,8
20/12/2023;0,4;21,6
21/12/2023;0;21,5
22/12/2023;5,8;20,8
23/12/2023;0;20,1
24/12/2023;55,2;20,7
25/12/2023;0;23,4
26/12/2023;5,8;23,5
27/12/2023;2,6;22,4
28/12/2023;0,8;21,9
29/12/2023;0;24,4
30/12/2023;0;23,2
31/12/2023;32,8;20,9
01/01/2024;8,8;18,4
02/01/2024;8,2;19,8
03/01/2024;20,6;19,2
04/01/2024;39;19,8
05/01/2024;51,2;22,4
06/01/2024;0;22,7
07/01/2024;0;22
08/01/2024;8;22,3
09/01/2024;19,2;21,9
10/01/2024;0,2;22,6
11/01/2024;0;21,9
12/01/2024;2,4;22,9
13/01/2024;0,8;21,4
14/01/2024;47,8;21,4
15/01/2024;28,4;21,1
16/01/2024;0;24,6
17/01/2024;0;24,5
18/01/2024;9;24,4
19/01/2024;0;23,9
20/01/2024;0,4;24,4
21/01/2024;0;22,4
22/01/2024;10,6;22,4
23/01/2024;0;21,8
24/01/2024;57,8;19,9
25/01/2024;13;21,6
26/01/2024;0;20,8
27/01/2024;11,8;20,7
28/01/2024;0;21,7
29/01/2024;28;22,4
30/01/2024;6;23,4
31/01/2024;0,8;21,3
01/02/2024;32;21,1
02/02/2024;0,2;22,4
03/02/2024;0;22,1
04/02/2024;0;22,1
05/02/2024;0;22,3
06/02/2024;19,6;20,2
07/02/2024;29,2;21,2
08/02/2024;0;20,1
09/02/2024;2,6;20,6
10/02/2024;0;21
11/02/2024;0;21,6
12/02/2024;0;22,4
13/02/2024;0;23,6
14/02/2024;0;23,3
15/02/2024;2,2;21,5
16/02/2024;14,8;20,6
17/02/2024;0,6;20,9
18/02/2024;24,4;21
19/02/2024;0,2;20,8
20/02/2024;15,8;19,5
21/02/2024;17;19,6
22/02/2024;25,4;19,6
23/02/2024;57;20,1
24/02/2024;3,4;22,3
25/02/2024;0,2;23,4
26/02/2024;0;23,3
27/02/2024;0;23,4
28/02/2024;0;24,5
29/02/2024;0;24,3
01/03/2024;0;24,2
02/03/2024;8,4;22,3
03/03/2024;0,2;21,9
04/03/2024;0;21,8
05/03/2024;31,8;21,3
06/03/2024;8,6;21,8
07/03/2024;10,6;21,7
08/03/2024;20,6;22
09/03/2024;0,2;22,9
10/03/2024;16,6;21,9
11/03/2024;5,8;23
12/03/2024;3;23,1
13/03/2024;0;23
14/03/2024;0;23,5
15/03/2024;0;24,4
16/03/2024;0;24,8
17/03/2024;0;25,8
18/03/2024;0;25,3
19/03/2024;0;23,4
20/03/2024;12,2;22,3
21/03/2024;3,2;22,8
22/03/2024;0,8;23,6
23/03/2024;27,2;19,5
24/03/2024;0;20,5
25/03/2024;3,2;20,8
26/03/2024;19,4;19,5
27/03/2024;18,8;20,5
28/03/2024;0,4;20,2
29/03/2024;0,2;22,3
30/03/2024;0;22,6
31/03/2024;0,2;22,6
01/04/2024;0;21,9
02/04/2024;0;21,7
03/04/2024;95;22,3
04/04/2024;0,2;23
05/04/2024;2;22
06/04/2024;11,4;21,6
07/04/2024;0;20,7
08/04/2024;0;20,1
09/04/2024;0;20,7
10/04/2024;0;22
11/04/2024;0;22,6
12/04/2024;0;21,5
13/04/2024;0,8;19,9
14/04/2024;0;20,8
15/04/2024;0;20,8
16/04/2024;0;20,8
17/04/2024;0;21,7
18/04/2024;0;20,9
19/04/2024;24,6;19
20/04/2024;0,2;19,2
21/04/2024;0,2;19,9
22/04/2024;0,2;20,7
23/04/2024;0;22
24/04/2024;0;22,5
25/04/2024;0;22,3
26/04/2024;0;21,6
27/04/2024;0;20,7
28/04/2024;0;21,6
29/04/2024;0;22
30/04/2024;0;22,7
01/05/2024;0;23
02/05/2024;0;22,9
03/05/2024;0;22,9
04/05/2024;0;21,8
05/05/2024;0;20,6
06/05/2024;0;19,4
07/05/2024;0;20,4
08/05/2024;0;20,3
09/05/2024;0;20,7
10/05/2024;0;21,2
11/05/2024;0;22
12/05/2024;0;23,3
13/05/2024;0;23,4
14/05/2024;0;23,8
15/05/2024;0;22,1
16/05/2024;0;20,8
17/05/2024;0;21
18/05/2024;0;21,5
19/05/2024;0;21,7
20/05/2024;0;20,9
21/05/2024;0;19,9
22/05/2024;0,2;18,9
23/05/2024;0;19,5
24/05/2024;0;20,6
25/05/2024;0;21,9
26/05/2024;0;19,6
27/05/2024;0;19,3
28/05/2024;0;20,5
29/05/2024;0;20,4
30/05/2024;0;19,2
31/05/2024;0,4;16,1
01/06/2024;0;15,9
02/06/2024;0;16,6
03/06/2024;0;18,4
04/06/2024;0;19,1
05/06/2024;0;18,1
06/06/2024;0;18,6
07/06/2024;0;18,7
08/06/2024;0;18,1
09/06/2024;0;17,7
10/06/2024;0,2;19,1
11/06/2024;0;19,3
12/06/2024;0;18,8
13/06/2024;0;17,5
14/06/2024;0;18,4
15/06/2024;0;18,1
16/06/2024;0;18,5
17/06/2024;0;17,9
18/06/2024;0;18,5
19/06/2024;0;19,4
20/06/2024;0;19
21/06/2024;0;18,2
22/06/2024;0;18,7
23/06/2024;0;18,3
24/06/2024;0,2;19,5
25/06/2024;0;21,3
26/06/2024;0;20,7
27/06/2024;0;21,2
28/06/2024;0;22
29/06/2024;0;22
30/06/2024;0;22
01/07/2024;0;19
02/07/2024;0;18
03/07/2024;0;17,9
04/07/2024;0;18,5
05/07/2024;0;18,6
06/07/2024;0;19
07/07/2024;0;18,9
08/07/2024;0;20,4
09/07/2024;0;20,7
10/07/2024;0;20,7
11/07/2024;0;21,3
12/07/2024;0;19,9
13/07/2024;0;17,6
14/07/2024;0,2;16,6
15/07/2024;0;17,9
16/07/2024;0;17,5
17/07/2024;0;17,9
18/07/2024;0;19
19/07/2024;0;18,4
20/07/2024;0;17,7
21/07/2024;0;17
22/07/2024;0;18,7
23/07/2024;0;18,5
24/07/2024;0;17,1
25/07/2024;0;17,1
26/07/2024;0;18,1
27/07/2024;0;18,8
28/07/2024;0;20,1
29/07/2024;0;20,4
30/07/2024;0;19,9
31/07/2024;0;16,8
01/08/2024;0;16,9
02/08/2024;0;17,6
03/08/2024;0;17,4
04/08/2024;0,6;17,9
05/08/2024;0,2;18,9
06/08/2024;0;18,8
07/08/2024;0;19,8
08/08/2024;0;19,4
09/08/2024;0;21,6
10/08/2024;0;19,3
11/08/2024;0;16,3
12/08/2024;0;18,7
13/08/2024;0;16,7
14/08/2024;0;16,4
15/08/2024;0;19,1
16/08/2024;0;21,3
17/08/2024;0;22,2
18/08/2024;0;22,6
19/08/2024;0;21
20/08/2024;0;21,5
21/08/2024;0;22,6
22/08/2024;0;20,3
23/08/2024;0;21,8
24/08/2024;0;22,4
25/08/2024;0;22,3
26/08/2024;0;18,7
27/08/2024;0;15,9
28/08/2024;0,2;17,9
29/08/2024;0;17,4
30/08/2024;0;18,8
31/08/2024;0;21,3
01/09/2024;0;22,1
02/09/2024;0;23,9
03/09/2024;0;25,9
04/09/2024;0;24,9
05/09/2024;0;24,5
06/09/2024;0;24
07/09/2024;0;22,2
08/09/2024;0;22
09/09/2024;0;21,9
10/09/2024;0;21,5
11/09/2024;0;22,3
12/09/2024;0;21,9
13/09/2024;0;21,5
14/09/2024;0;22
15/09/2024;0;22,5
16/09/2024;0;22,7
17/09/2024;0;21,5
18/09/2024;0;19,4
19/09/2024;0;20,8
20/09/2024;0;21,4
21/09/2024;0;23,1
22/09/2024;0;21,9
23/09/2024;2;22,7
24/09/2024;0;23,2
25/09/2024;0;22,5
26/09/2024;0;22,2
27/09/2024;0;24,5
28/09/2024;0;24,6
29/09/2024;0;20,8
30/09/2024;0;21,5
01/10/2024;0;22,2
02/10/2024;0;24,2
03/10/2024;0;25,9
04/10/2024;0;23,2
05/10/2024;0;20,2
06/10/2024;0;22,2
07/10/2024;0;22,5
08/10/2024;0;24,7
09/10/2024;0;26,2
10/10/2024;7,6;18,7
11/10/2024;77,4;21
12/10/2024;24,2;19,8
13/10/2024;0,4;22,4
14/10/2024;0;21,4
15/10/2024;0;19,4
16/10/2024;0;21,7
17/10/2024;0;24,1
18/10/2024;0;23,9
19/10/2024;20,6;18,9
20/10/2024;24,2;18,6
21/10/2024;2,8;19,4
22/10/2024;0,2;20,4
23/10/2024;0;22
24/10/2024;0;21,7
25/10/2024;41,8;20,8
26/10/2024;5,6;23,3
27/10/2024;73,8;20,8
28/10/2024;46,4;18,5
29/10/2024;11,6;18,7
30/10/2024;1,8;19,8
31/10/2024;0,6;20,1
01/11/2024;0;20,3
02/11/2024;0;21,2
03/11/2024;0;20,4
04/11/2024;0,2;19,5
05/11/2024;4,4;18,2
06/11/2024;43,4;19,6
07/11/2024;0;20,6
08/11/2024;6,6;19,5
09/11/2024;36,2;18,5
10/11/2024;33;19,9
11/11/2024;0;21
12/11/2024;0;22,5
13/11/2024;18;19,7
14/11/2024;17;18,9
15/11/2024;11,8;17,8
16/11/2024;7,2;17,6
17/11/2024;28;17,9
18/11/2024;0,4;21,3
19/11/2024;38;21,4
20/11/2024;6,8;23,9
21/11/2024;1;20,7
22/11/2024;19;19,8
23/11/2024;15,2;18,7
24/11/2024;6;18,1
25/11/2024;0;18,3
26/11/2024;0;20,1
27/11/2024;0;22,7
28/11/2024;0;24,5
29/11/2024;0;24
30/11/2024;1;23,3
01/12/2024;9,4;22,1
02/12/2024;10,2;21,2
03/12/2024;3,2;22,7
04/12/2024;27,6;20,9
05/12/2024;5,6;22,5
06/12/2024;0,2;23,5
07/12/2024;0;24
08/12/2024;0;25,9
09/12/2024;0;26
10/12/2024;0;24,3
11/12/2024;3,6;21
12/12/2024;1,2;18,7
13/12/2024;0;19,8
14/12/2024;2,4;20,5
15/12/2024;39,8;18,4
16/12/2024;24,4;20,3
17/12/2024;3,8;21,2
18/12/2024;0;21,8
19/12/2024;0;21,4
20/12/2024;4,8;21,1
21/12/2024;33,6;19,6
22/12/2024;64,2;19,9
23/12/2024;17,4;20,3
24/12/2024;15,2;21,2
25/12/2024;1;20,1
26/12/2024;18;20
27/12/2024;59,2;19,4
28/12/2024;5,4;20,2
29/12/2024;15,6;18,5
30/12/2024;4,2;19,4
31/12/2024;0;20,5
01/01/2025;4,6;19,2
